room_cnt,day_of_week,day_of_year,weather,scaled_room_id,isEvent,eventName
1,2,1,0.5,0.982,0,
3,2,1,0.5,0.038,0,
4,2,1,0.5,1.0,0,
11,2,1,0.5,0.241,0,
3,2,1,0.5,0.011,0,
4,3,2,0.5,1.0,0,
2,4,3,0.5,0.982,0,
6,4,3,0.5,0.337,0,
1,4,3,0.5,0.038,0,
7,4,3,0.5,1.0,0,
1,4,3,0.5,0.241,0,
3,5,4,1.0,0.982,0,
5,5,4,1.0,0.337,0,
1,5,4,1.0,0.038,0,
4,5,4,1.0,1.0,0,
6,5,4,1.0,0.241,0,
1,5,4,1.0,0.011,0,
2,6,5,0.0,0.982,0,
3,6,5,0.0,0.337,0,
4,6,5,0.0,1.0,0,
1,6,5,0.0,0.241,0,
3,7,6,0.0,0.982,1,Bogojavljenje\
1,7,6,0.0,0.337,1,Bogojavljenje\
5,7,6,0.0,1.0,1,Bogojavljenje\
2,1,7,0.0,0.982,1,Bogojavljenje\
2,1,7,0.0,0.337,1,Bogojavljenje\
4,1,7,0.0,1.0,1,Bogojavljenje\
2,1,7,0.0,0.241,1,Bogojavljenje\
1,1,7,0.0,0.002,1,Bogojavljenje\
15,2,8,0.0,0.982,0,
4,2,8,0.0,0.337,0,
2,2,8,0.0,1.0,0,
1,2,8,0.0,0.011,0,
1,2,8,0.0,0.002,0,
18,3,9,1.0,0.982,0,
19,3,9,1.0,0.337,0,
6,3,9,1.0,1.0,0,
3,3,9,1.0,0.241,0,
18,4,10,1.0,0.982,0,
27,4,10,1.0,0.337,0,
8,4,10,1.0,1.0,0,
2,4,10,1.0,0.241,0,
21,5,11,0.0,0.982,0,
14,5,11,0.0,0.337,0,
8,5,11,0.0,1.0,0,
3,5,11,0.0,0.241,0,
6,6,12,0.0,0.982,0,
8,6,12,0.0,0.337,0,
1,6,12,0.0,0.038,0,
4,6,12,0.0,1.0,0,
4,6,12,0.0,0.241,0,
2,7,13,0.0,0.982,0,
3,7,13,0.0,0.337,0,
1,7,13,0.0,0.038,0,
6,7,13,0.0,1.0,0,
4,7,13,0.0,0.241,0,
2,7,13,0.0,0.011,0,
5,1,14,0.0,0.982,0,
14,1,14,0.0,0.337,0,
1,1,14,0.0,0.038,0,
4,1,14,0.0,1.0,0,
1,1,14,0.0,0.011,0,
13,2,15,0.0,0.982,0,
19,2,15,0.0,0.337,0,
1,2,15,0.0,0.038,0,
3,2,15,0.0,1.0,0,
2,2,15,0.0,0.241,0,
1,2,15,0.0,0.011,0,
19,3,16,0.0,0.982,0,
17,3,16,0.0,0.337,0,
2,3,16,0.0,0.038,0,
4,3,16,0.0,1.0,0,
4,3,16,0.0,0.241,0,
2,3,16,0.0,0.011,0,
28,4,17,0.0,0.982,1,Rijecki karneval\
13,4,17,0.0,0.337,1,Rijecki karneval\
2,4,17,0.0,0.038,1,Rijecki karneval\
4,4,17,0.0,1.0,1,Rijecki karneval\
2,4,17,0.0,0.241,1,Rijecki karneval\
3,4,17,0.0,0.011,1,Rijecki karneval\
23,5,18,0.0,0.982,1,Rijecki karneval\
17,5,18,0.0,0.337,1,Rijecki karneval\
2,5,18,0.0,0.038,1,Rijecki karneval\
6,5,18,0.0,1.0,1,Rijecki karneval\
2,5,18,0.0,0.241,1,Rijecki karneval\
2,5,18,0.0,0.011,1,Rijecki karneval\
14,6,19,0.0,0.982,1,Rijecki karneval\
11,6,19,0.0,0.337,1,Rijecki karneval\
2,6,19,0.0,0.038,1,Rijecki karneval\
5,6,19,0.0,1.0,1,Rijecki karneval\
4,6,19,0.0,0.241,1,Rijecki karneval\
2,6,19,0.0,0.011,1,Rijecki karneval\
9,7,20,1.0,0.982,1,Rijecki karneval\
5,7,20,1.0,0.337,1,Rijecki karneval\
1,7,20,1.0,0.038,1,Rijecki karneval\
7,7,20,1.0,1.0,1,Rijecki karneval\
5,7,20,1.0,0.241,1,Rijecki karneval\
3,7,20,1.0,0.011,1,Rijecki karneval\
12,1,21,1.0,0.982,1,Rijecki karneval\
10,1,21,1.0,0.337,1,Rijecki karneval\
4,1,21,1.0,1.0,1,Rijecki karneval\
6,1,21,1.0,0.241,1,Rijecki karneval\
1,1,21,1.0,0.011,1,Rijecki karneval\
15,2,22,0.0,0.982,1,Rijecki karneval\
27,2,22,0.0,0.337,1,Rijecki karneval\
4,2,22,0.0,1.0,1,Rijecki karneval\
2,2,22,0.0,0.241,1,Rijecki karneval\
14,3,23,0.0,0.982,1,Rijecki karneval\
17,3,23,0.0,0.337,1,Rijecki karneval\
8,3,23,0.0,1.0,1,Rijecki karneval\
6,3,23,0.0,0.241,1,Rijecki karneval\
2,3,23,0.0,0.011,1,Rijecki karneval\
20,4,24,1.0,0.982,2,Rijecki karneval\Tempus JEP Project Conference\
26,4,24,1.0,0.337,2,Rijecki karneval\Tempus JEP Project Conference\
4,4,24,1.0,1.0,2,Rijecki karneval\Tempus JEP Project Conference\
2,4,24,1.0,0.011,2,Rijecki karneval\Tempus JEP Project Conference\
10,5,25,1.0,0.982,2,Rijecki karneval\Tempus JEP Project Conference\
2,5,25,1.0,0.337,2,Rijecki karneval\Tempus JEP Project Conference\
1,5,25,1.0,1.0,2,Rijecki karneval\Tempus JEP Project Conference\
1,5,25,1.0,0.011,2,Rijecki karneval\Tempus JEP Project Conference\
7,6,26,1.0,0.982,1,Rijecki karneval\
3,6,26,1.0,0.337,1,Rijecki karneval\
1,6,26,1.0,1.0,1,Rijecki karneval\
1,6,26,1.0,0.011,1,Rijecki karneval\
5,7,27,1.0,0.982,1,Rijecki karneval\
1,7,27,1.0,0.337,1,Rijecki karneval\
1,7,27,1.0,0.038,1,Rijecki karneval\
3,7,27,1.0,1.0,1,Rijecki karneval\
2,7,27,1.0,0.241,1,Rijecki karneval\
8,1,28,1.0,0.982,1,Rijecki karneval\
3,1,28,1.0,0.337,1,Rijecki karneval\
3,1,28,1.0,1.0,1,Rijecki karneval\
3,1,28,1.0,0.241,1,Rijecki karneval\
19,2,29,1.0,0.982,1,Rijecki karneval\
24,2,29,1.0,0.337,1,Rijecki karneval\
13,2,29,1.0,1.0,1,Rijecki karneval\
2,2,29,1.0,0.241,1,Rijecki karneval\
9,3,30,0.0,0.982,1,Rijecki karneval\
22,3,30,0.0,0.337,1,Rijecki karneval\
9,3,30,0.0,1.0,1,Rijecki karneval\
8,3,30,0.0,0.241,1,Rijecki karneval\
24,4,31,0.0,0.982,1,Rijecki karneval\
33,4,31,0.0,0.337,1,Rijecki karneval\
8,4,31,0.0,1.0,1,Rijecki karneval\
11,4,31,0.0,0.241,1,Rijecki karneval\
1,4,31,0.0,0.011,1,Rijecki karneval\
2,4,31,0.0,0.002,1,Rijecki karneval\
16,5,32,1.0,0.982,1,Rijecki karneval\
20,5,32,1.0,0.337,1,Rijecki karneval\
20,5,32,1.0,1.0,1,Rijecki karneval\
6,5,32,1.0,0.241,1,Rijecki karneval\
11,6,33,0.0,0.982,1,Rijecki karneval\
13,6,33,0.0,0.337,1,Rijecki karneval\
1,6,33,0.0,0.038,1,Rijecki karneval\
27,6,33,0.0,1.0,1,Rijecki karneval\
4,6,33,0.0,0.241,1,Rijecki karneval\
7,7,34,0.0,0.982,1,Rijecki karneval\
15,7,34,0.0,0.337,1,Rijecki karneval\
2,7,34,0.0,0.038,1,Rijecki karneval\
78,7,34,0.0,1.0,1,Rijecki karneval\
4,7,34,0.0,0.241,1,Rijecki karneval\
2,7,34,0.0,0.002,1,Rijecki karneval\
11,1,35,0.0,0.982,1,Rijecki karneval\
13,1,35,0.0,0.337,1,Rijecki karneval\
3,1,35,0.0,0.038,1,Rijecki karneval\
36,1,35,0.0,1.0,1,Rijecki karneval\
6,1,35,0.0,0.241,1,Rijecki karneval\
2,1,35,0.0,0.002,1,Rijecki karneval\
23,2,36,0.0,0.982,1,Rijecki karneval\
17,2,36,0.0,0.337,1,Rijecki karneval\
14,2,36,0.0,1.0,1,Rijecki karneval\
2,2,36,0.0,0.241,1,Rijecki karneval\
16,3,37,1.0,0.982,0,
32,3,37,1.0,0.337,0,
5,3,37,1.0,0.038,0,
9,3,37,1.0,1.0,0,
20,4,38,1.0,0.982,0,
38,4,38,1.0,0.337,0,
4,4,38,1.0,0.038,0,
2,4,38,1.0,1.0,0,
1,4,38,1.0,0.011,0,
24,5,39,1.0,0.982,0,
38,5,39,1.0,0.337,0,
2,5,39,1.0,1.0,0,
15,6,40,1.0,0.982,0,
15,6,40,1.0,0.337,0,
1,6,40,1.0,0.038,0,
1,6,40,1.0,1.0,0,
3,6,40,1.0,0.241,0,
11,7,41,1.0,0.982,0,
11,7,41,1.0,0.337,0,
2,7,41,1.0,0.038,0,
5,7,41,1.0,0.241,0,
13,1,42,1.0,0.982,0,
17,1,42,1.0,0.337,0,
3,1,42,1.0,1.0,0,
3,1,42,1.0,0.241,0,
1,1,42,1.0,0.002,0,
23,2,43,1.0,0.982,0,
32,2,43,1.0,0.337,0,
9,2,43,1.0,1.0,0,
1,2,43,1.0,0.241,0,
21,3,44,1.0,0.982,0,
27,3,44,1.0,0.337,0,
3,3,44,1.0,0.038,0,
7,3,44,1.0,1.0,0,
4,3,44,1.0,0.241,0,
21,4,45,1.0,0.982,0,
41,4,45,1.0,0.337,0,
1,4,45,1.0,0.038,0,
9,4,45,1.0,1.0,0,
2,4,45,1.0,0.241,0,
13,5,46,1.0,0.982,0,
28,5,46,1.0,0.337,0,
2,5,46,1.0,0.038,0,
6,5,46,1.0,1.0,0,
2,5,46,1.0,0.241,0,
5,6,47,1.0,0.982,0,
24,6,47,1.0,0.337,0,
2,6,47,1.0,0.038,0,
3,6,47,1.0,1.0,0,
8,6,47,1.0,0.241,0,
6,7,48,1.0,0.982,0,
7,7,48,1.0,0.337,0,
1,7,48,1.0,0.038,0,
5,7,48,1.0,1.0,0,
3,7,48,1.0,0.241,0,
9,1,49,1.0,0.982,0,
13,1,49,1.0,0.337,0,
7,1,49,1.0,1.0,0,
1,1,49,1.0,0.002,0,
15,2,50,1.0,0.982,0,
27,2,50,1.0,0.337,0,
6,2,50,1.0,1.0,0,
3,2,50,1.0,0.241,0,
8,3,51,1.0,0.982,0,
21,3,51,1.0,0.337,0,
1,3,51,1.0,0.038,0,
5,3,51,1.0,1.0,0,
13,3,51,1.0,0.241,0,
1,3,51,1.0,0.011,0,
10,4,52,1.0,0.982,0,
24,4,52,1.0,0.337,0,
9,4,52,1.0,1.0,0,
2,4,52,1.0,0.241,0,
4,4,52,1.0,0.011,0,
12,5,53,1.0,0.982,0,
23,5,53,1.0,0.337,0,
2,5,53,1.0,0.038,0,
13,5,53,1.0,1.0,0,
3,5,53,1.0,0.241,0,
14,6,54,1.0,0.982,0,
19,6,54,1.0,0.337,0,
11,6,54,1.0,1.0,0,
5,6,54,1.0,0.241,0,
8,7,55,1.0,0.982,0,
21,7,55,1.0,0.337,0,
3,7,55,1.0,0.038,0,
3,7,55,1.0,1.0,0,
2,7,55,1.0,0.241,0,
11,1,56,1.0,0.982,0,
5,1,56,1.0,0.337,0,
6,1,56,1.0,1.0,0,
1,1,56,1.0,0.241,0,
10,2,57,1.0,0.982,0,
13,2,57,1.0,0.337,0,
12,2,57,1.0,1.0,0,
6,2,57,1.0,0.241,0,
20,3,58,0.0,0.982,0,
9,3,58,0.0,0.337,0,
16,3,58,0.0,1.0,0,
11,3,58,0.0,0.241,0,
26,4,59,1.0,0.982,0,
6,4,59,1.0,0.337,0,
15,4,59,1.0,1.0,0,
2,4,59,1.0,0.241,0,
1,4,59,1.0,0.011,0,
14,5,60,1.0,0.982,0,
13,5,60,1.0,0.337,0,
1,5,60,1.0,0.038,0,
8,5,60,1.0,1.0,0,
3,5,60,1.0,0.241,0,
10,6,61,0.0,0.982,0,
7,6,61,0.0,0.337,0,
1,6,61,0.0,0.038,0,
31,6,61,0.0,1.0,0,
3,6,61,0.0,0.241,0,
27,7,62,1.0,0.982,0,
3,7,62,1.0,0.337,0,
1,7,62,1.0,0.038,0,
29,7,62,1.0,1.0,0,
2,7,62,1.0,0.241,0,
5,1,63,1.0,0.982,0,
5,1,63,1.0,0.337,0,
1,1,63,1.0,0.038,0,
10,1,63,1.0,1.0,0,
3,1,63,1.0,0.241,0,
9,2,64,0.0,0.982,0,
17,2,64,0.0,0.337,0,
3,2,64,0.0,0.038,0,
11,2,64,0.0,1.0,0,
5,2,64,0.0,0.241,0,
13,3,65,0.0,0.982,0,
18,3,65,0.0,0.337,0,
2,3,65,0.0,0.038,0,
5,3,65,0.0,1.0,0,
7,3,65,0.0,0.241,0,
13,4,66,1.0,0.982,0,
33,4,66,1.0,0.337,0,
4,4,66,1.0,0.038,0,
12,4,66,1.0,1.0,0,
5,4,66,1.0,0.241,0,
5,5,67,0.0,0.982,0,
38,5,67,0.0,0.337,0,
2,5,67,0.0,0.038,0,
15,5,67,0.0,1.0,0,
2,5,67,0.0,0.241,0,
5,6,68,0.0,0.982,0,
16,6,68,0.0,0.337,0,
1,6,68,0.0,0.038,0,
6,6,68,0.0,1.0,0,
4,6,68,0.0,0.241,0,
1,6,68,0.0,0.011,0,
3,7,69,0.0,0.982,0,
13,7,69,0.0,0.337,0,
2,7,69,0.0,0.038,0,
12,7,69,0.0,1.0,0,
3,7,69,0.0,0.241,0,
1,7,69,0.0,0.011,0,
3,1,70,0.0,0.982,0,
16,1,70,0.0,0.337,0,
1,1,70,0.0,0.038,0,
5,1,70,0.0,1.0,0,
2,1,70,0.0,0.241,0,
1,1,70,0.0,0.011,0,
11,2,71,0.0,0.982,0,
29,2,71,0.0,0.337,0,
3,2,71,0.0,0.038,0,
6,2,71,0.0,1.0,0,
5,2,71,0.0,0.241,0,
1,2,71,0.0,0.011,0,
14,3,72,1.0,0.982,0,
32,3,72,1.0,0.337,0,
4,3,72,1.0,0.038,0,
17,3,72,1.0,1.0,0,
5,3,72,1.0,0.241,0,
1,3,72,1.0,0.011,0,
13,4,73,0.0,0.982,0,
45,4,73,0.0,0.337,0,
4,4,73,0.0,0.038,0,
12,4,73,0.0,1.0,0,
10,4,73,0.0,0.241,0,
1,4,73,0.0,0.011,0,
20,5,74,1.0,0.982,0,
27,5,74,1.0,0.337,0,
3,5,74,1.0,0.038,0,
13,5,74,1.0,1.0,0,
4,5,74,1.0,0.241,0,
2,5,74,1.0,0.011,0,
10,6,75,1.0,0.982,0,
17,6,75,1.0,0.337,0,
2,6,75,1.0,0.038,0,
9,6,75,1.0,1.0,0,
15,6,75,1.0,0.241,0,
2,6,75,1.0,0.011,0,
30,7,76,0.0,0.982,0,
11,7,76,0.0,0.337,0,
2,7,76,0.0,0.038,0,
8,7,76,0.0,1.0,0,
1,7,76,0.0,0.241,0,
1,7,76,0.0,0.011,0,
6,1,77,0.0,0.982,0,
11,1,77,0.0,0.337,0,
1,1,77,0.0,0.038,0,
6,1,77,0.0,1.0,0,
1,1,77,0.0,0.241,0,
1,1,77,0.0,0.002,0,
9,2,78,0.0,0.982,0,
27,2,78,0.0,0.337,0,
2,2,78,0.0,0.038,0,
5,2,78,0.0,1.0,0,
2,2,78,0.0,0.241,0,
14,3,79,0.5,0.982,0,
31,3,79,0.5,0.337,0,
2,3,79,0.5,0.038,0,
13,3,79,0.5,1.0,0,
1,3,79,0.5,0.241,0,
20,4,80,1.0,0.982,0,
29,4,80,1.0,0.337,0,
2,4,80,1.0,0.038,0,
18,4,80,1.0,1.0,0,
5,4,80,1.0,0.241,0,
10,5,81,1.0,0.982,0,
16,5,81,1.0,0.337,0,
3,5,81,1.0,0.038,0,
10,5,81,1.0,1.0,0,
3,5,81,1.0,0.241,0,
1,6,82,0.0,0.001,0,
4,6,82,0.0,0.982,0,
6,6,82,0.0,0.337,0,
1,6,82,0.0,0.038,0,
15,6,82,0.0,1.0,0,
3,6,82,0.0,0.241,0,
1,6,82,0.0,0.011,0,
4,7,83,0.0,0.982,1,Uskrs\
5,7,83,0.0,0.337,1,Uskrs\
1,7,83,0.0,0.038,1,Uskrs\
6,7,83,0.0,1.0,1,Uskrs\
3,7,83,0.0,0.241,1,Uskrs\
3,1,84,0.0,0.982,1,Uskrs\
5,1,84,0.0,0.337,1,Uskrs\
1,1,84,0.0,0.038,1,Uskrs\
4,1,84,0.0,1.0,1,Uskrs\
6,1,84,0.0,0.241,1,Uskrs\
10,2,85,0.5,0.982,1,Uskrs\
5,2,85,0.5,0.337,1,Uskrs\
1,2,85,0.5,0.038,1,Uskrs\
3,2,85,0.5,1.0,1,Uskrs\
24,3,86,0.0,0.982,1,Uskrs\
17,3,86,0.0,0.337,1,Uskrs\
1,3,86,0.0,0.038,1,Uskrs\
22,3,86,0.0,1.0,1,Uskrs\
2,3,86,0.0,0.241,1,Uskrs\
20,4,87,0.0,0.982,0,
32,4,87,0.0,0.337,0,
3,4,87,0.0,0.038,0,
12,4,87,0.0,1.0,0,
3,4,87,0.0,0.241,0,
20,5,88,0.0,0.982,0,
26,5,88,0.0,0.337,0,
2,5,88,0.0,0.038,0,
10,5,88,0.0,1.0,0,
2,5,88,0.0,0.241,0,
15,6,89,1.0,0.982,0,
15,6,89,1.0,0.337,0,
1,6,89,1.0,0.038,0,
12,6,89,1.0,1.0,0,
1,6,89,1.0,0.241,0,
8,7,90,0.0,0.982,0,
10,7,90,0.0,0.337,0,
2,7,90,0.0,0.038,0,
6,7,90,0.0,1.0,0,
2,7,90,0.0,0.241,0,
1,7,90,0.0,0.002,0,
14,1,91,1.0,0.982,0,
28,1,91,1.0,0.337,0,
1,1,91,1.0,0.038,0,
16,1,91,1.0,1.0,0,
2,1,91,1.0,0.241,0,
27,2,92,1.0,0.982,0,
31,2,92,1.0,0.337,0,
1,2,92,1.0,0.038,0,
15,2,92,1.0,1.0,0,
1,2,92,1.0,0.241,0,
1,2,92,1.0,0.011,0,
24,3,93,0.0,0.982,0,
28,3,93,0.0,0.337,0,
4,3,93,0.0,0.038,0,
17,3,93,0.0,1.0,0,
7,3,93,0.0,0.241,0,
17,4,94,0.0,0.982,0,
37,4,94,0.0,0.337,0,
3,4,94,0.0,0.038,0,
18,4,94,0.0,1.0,0,
5,4,94,0.0,0.241,0,
14,5,95,1.0,0.982,0,
31,5,95,1.0,0.337,0,
3,5,95,1.0,0.038,0,
12,5,95,1.0,1.0,0,
5,5,95,1.0,0.241,0,
34,6,96,1.0,0.982,0,
14,6,96,1.0,0.337,0,
3,6,96,1.0,0.038,0,
14,6,96,1.0,1.0,0,
4,6,96,1.0,0.241,0,
1,7,97,1.0,0.982,0,
8,7,97,1.0,0.337,0,
1,7,97,1.0,0.038,0,
11,7,97,1.0,1.0,0,
5,7,97,1.0,0.241,0,
2,1,98,0.0,0.982,0,
14,1,98,0.0,0.337,0,
11,1,98,0.0,1.0,0,
3,1,98,0.0,0.241,0,
10,2,99,0.0,0.982,0,
29,2,99,0.0,0.337,0,
23,2,99,0.0,1.0,0,
8,2,99,0.0,0.241,0,
23,3,100,0.0,0.982,0,
29,3,100,0.0,0.337,0,
2,3,100,0.0,0.038,0,
11,3,100,0.0,1.0,0,
9,3,100,0.0,0.241,0,
17,4,101,0.0,0.982,0,
35,4,101,0.0,0.337,0,
2,4,101,0.0,0.038,0,
15,4,101,0.0,1.0,0,
2,4,101,0.0,0.241,0,
1,4,101,0.0,0.011,0,
9,5,102,0.0,0.982,0,
54,5,102,0.0,0.337,0,
1,5,102,0.0,0.038,0,
16,5,102,0.0,1.0,0,
18,5,102,0.0,0.241,0,
4,6,103,0.0,0.982,0,
14,6,103,0.0,0.337,0,
15,6,103,0.0,1.0,0,
15,6,103,0.0,0.241,0,
4,7,104,0.0,0.982,0,
14,7,104,0.0,0.337,0,
8,7,104,0.0,1.0,0,
15,7,104,0.0,0.241,0,
8,1,105,1.0,0.982,0,
6,1,105,1.0,0.337,0,
20,1,105,1.0,1.0,0,
3,1,105,1.0,0.241,0,
18,2,106,0.0,0.982,0,
18,2,106,0.0,0.337,0,
3,2,106,0.0,0.038,0,
61,2,106,0.0,1.0,0,
5,2,106,0.0,0.241,0,
20,3,107,0.0,0.982,0,
33,3,107,0.0,0.337,0,
1,3,107,0.0,0.038,0,
49,3,107,0.0,1.0,0,
2,3,107,0.0,0.241,0,
2,3,107,0.0,0.011,0,
14,4,108,0.0,0.982,0,
21,4,108,0.0,0.337,0,
1,4,108,0.0,0.038,0,
35,4,108,0.0,1.0,0,
4,4,108,0.0,0.241,0,
1,4,108,0.0,0.002,0,
21,5,109,0.0,0.982,0,
22,5,109,0.0,0.337,0,
1,5,109,0.0,0.038,0,
25,5,109,0.0,1.0,0,
3,5,109,0.0,0.241,0,
1,5,109,0.0,0.002,0,
8,6,110,0.0,0.982,0,
8,6,110,0.0,0.337,0,
22,6,110,0.0,1.0,0,
4,6,110,0.0,0.241,0,
1,6,110,0.0,0.011,0,
16,7,111,1.0,0.982,0,
5,7,111,1.0,0.337,0,
1,7,111,1.0,0.038,0,
8,7,111,1.0,1.0,0,
2,7,111,1.0,0.241,0,
1,7,111,1.0,0.011,0,
12,1,112,0.0,0.982,0,
5,1,112,0.0,0.337,0,
2,1,112,0.0,0.038,0,
4,1,112,0.0,1.0,0,
1,1,112,0.0,0.241,0,
3,1,112,0.0,0.011,0,
11,2,113,0.0,0.982,0,
19,2,113,0.0,0.337,0,
1,2,113,0.0,0.038,0,
40,2,113,0.0,1.0,0,
8,2,113,0.0,0.241,0,
1,2,113,0.0,0.011,0,
20,3,114,0.0,0.982,0,
22,3,114,0.0,0.337,0,
1,3,114,0.0,0.038,0,
11,3,114,0.0,1.0,0,
2,3,114,0.0,0.241,0,
22,4,115,0.0,0.982,0,
26,4,115,0.0,0.337,0,
3,4,115,0.0,0.038,0,
26,4,115,0.0,1.0,0,
2,4,115,0.0,0.241,0,
18,5,116,0.0,0.982,0,
16,5,116,0.0,0.337,0,
3,5,116,0.0,0.038,0,
17,5,116,0.0,1.0,0,
1,5,116,0.0,0.241,0,
1,6,117,1.0,0.001,0,
9,6,117,1.0,0.982,0,
18,6,117,1.0,0.337,0,
2,6,117,1.0,0.038,0,
67,6,117,1.0,1.0,0,
3,6,117,1.0,0.241,0,
5,7,118,1.0,0.982,0,
30,7,118,1.0,0.337,0,
1,7,118,1.0,0.038,0,
37,7,118,1.0,1.0,0,
10,7,118,1.0,0.241,0,
6,1,119,1.0,0.982,0,
6,1,119,1.0,0.337,0,
38,1,119,1.0,1.0,0,
3,1,119,1.0,0.241,0,
9,2,120,0.0,0.982,0,
9,2,120,0.0,0.337,0,
5,2,120,0.0,0.038,0,
87,2,120,0.0,1.0,0,
1,2,120,0.0,0.011,0,
11,3,121,0.0,0.982,0,
16,3,121,0.0,0.337,0,
2,3,121,0.0,0.038,0,
16,3,121,0.0,1.0,0,
5,3,121,0.0,0.241,0,
1,3,121,0.0,0.011,0,
3,4,122,0.0,0.982,1,Praznik rada\
7,4,122,0.0,0.337,1,Praznik rada\
2,4,122,0.0,0.038,1,Praznik rada\
11,4,122,0.0,1.0,1,Praznik rada\
6,4,122,0.0,0.241,1,Praznik rada\
1,4,122,0.0,0.011,1,Praznik rada\
3,5,123,0.0,0.982,1,Praznik rada\
15,5,123,0.0,0.337,1,Praznik rada\
4,5,123,0.0,0.038,1,Praznik rada\
48,5,123,0.0,1.0,1,Praznik rada\
7,5,123,0.0,0.241,1,Praznik rada\
1,5,123,0.0,0.011,1,Praznik rada\
5,6,124,1.0,0.982,0,
22,6,124,1.0,0.337,0,
7,6,124,1.0,0.038,0,
67,6,124,1.0,1.0,0,
14,6,124,1.0,0.241,0,
4,6,124,1.0,0.011,0,
4,7,125,1.0,0.982,0,
54,7,125,1.0,0.337,0,
6,7,125,1.0,0.038,0,
26,7,125,1.0,1.0,0,
7,7,125,1.0,0.241,0,
1,7,125,1.0,0.011,0,
4,1,126,0.0,0.982,1,Rijeka Open Tennis Tournament\
67,1,126,0.0,0.337,1,Rijeka Open Tennis Tournament\
3,1,126,0.0,0.038,1,Rijeka Open Tennis Tournament\
8,1,126,0.0,1.0,1,Rijeka Open Tennis Tournament\
4,1,126,0.0,0.241,1,Rijeka Open Tennis Tournament\
6,2,127,1.0,0.982,1,Rijeka Open Tennis Tournament\
37,2,127,1.0,0.337,1,Rijeka Open Tennis Tournament\
3,2,127,1.0,0.038,1,Rijeka Open Tennis Tournament\
78,2,127,1.0,1.0,1,Rijeka Open Tennis Tournament\
2,2,127,1.0,0.241,1,Rijeka Open Tennis Tournament\
13,3,128,1.0,0.982,1,Rijeka Open Tennis Tournament\
41,3,128,1.0,0.337,1,Rijeka Open Tennis Tournament\
4,3,128,1.0,0.038,1,Rijeka Open Tennis Tournament\
47,3,128,1.0,1.0,1,Rijeka Open Tennis Tournament\
7,3,128,1.0,0.241,1,Rijeka Open Tennis Tournament\
1,3,128,1.0,0.011,1,Rijeka Open Tennis Tournament\
13,4,129,1.0,0.982,1,Rijeka Open Tennis Tournament\
34,4,129,1.0,0.337,1,Rijeka Open Tennis Tournament\
4,4,129,1.0,0.038,1,Rijeka Open Tennis Tournament\
41,4,129,1.0,1.0,1,Rijeka Open Tennis Tournament\
32,4,129,1.0,0.241,1,Rijeka Open Tennis Tournament\
9,5,130,1.0,0.982,2,Jazz Time Festival\Rijeka Open Tennis Tournament\
33,5,130,1.0,0.337,2,Jazz Time Festival\Rijeka Open Tennis Tournament\
4,5,130,1.0,0.038,2,Jazz Time Festival\Rijeka Open Tennis Tournament\
49,5,130,1.0,1.0,2,Jazz Time Festival\Rijeka Open Tennis Tournament\
32,5,130,1.0,0.241,2,Jazz Time Festival\Rijeka Open Tennis Tournament\
7,6,131,1.0,0.982,2,Jazz Time Festival\Rijeka Open Tennis Tournament\
36,6,131,1.0,0.337,2,Jazz Time Festival\Rijeka Open Tennis Tournament\
24,6,131,1.0,1.0,2,Jazz Time Festival\Rijeka Open Tennis Tournament\
34,6,131,1.0,0.241,2,Jazz Time Festival\Rijeka Open Tennis Tournament\
3,7,132,1.0,0.982,2,Jazz Time Festival\Rijeka Open Tennis Tournament\
22,7,132,1.0,0.337,2,Jazz Time Festival\Rijeka Open Tennis Tournament\
1,7,132,1.0,0.038,2,Jazz Time Festival\Rijeka Open Tennis Tournament\
17,7,132,1.0,1.0,2,Jazz Time Festival\Rijeka Open Tennis Tournament\
37,7,132,1.0,0.241,2,Jazz Time Festival\Rijeka Open Tennis Tournament\
1,1,133,1.0,0.982,1,Jazz Time Festival\
9,1,133,1.0,0.337,1,Jazz Time Festival\
1,1,133,1.0,0.038,1,Jazz Time Festival\
22,1,133,1.0,1.0,1,Jazz Time Festival\
3,1,133,1.0,0.241,1,Jazz Time Festival\
5,2,134,1.0,0.982,1,Jazz Time Festival\
8,2,134,1.0,0.337,1,Jazz Time Festival\
2,2,134,1.0,0.038,1,Jazz Time Festival\
53,2,134,1.0,1.0,1,Jazz Time Festival\
7,3,135,0.0,0.982,1,Jazz Time Festival\
18,3,135,0.0,0.337,1,Jazz Time Festival\
1,3,135,0.0,0.038,1,Jazz Time Festival\
29,3,135,0.0,1.0,1,Jazz Time Festival\
3,3,135,0.0,0.241,1,Jazz Time Festival\
10,4,136,1.0,0.982,0,
7,4,136,1.0,0.337,0,
1,4,136,1.0,0.038,0,
43,4,136,1.0,1.0,0,
2,4,136,1.0,0.241,0,
7,5,137,0.0,0.982,0,
8,5,137,0.0,0.337,0,
1,5,137,0.0,0.038,0,
21,5,137,0.0,1.0,0,
1,5,137,0.0,0.241,0,
3,6,138,0.0,0.982,0,
20,6,138,0.0,0.337,0,
32,6,138,0.0,1.0,0,
8,6,138,0.0,0.241,0,
5,7,139,0.0,0.982,0,
10,7,139,0.0,0.337,0,
64,7,139,0.0,1.0,0,
13,7,139,0.0,0.241,0,
2,7,139,0.0,0.011,0,
5,1,140,0.0,0.982,0,
17,1,140,0.0,0.337,0,
1,1,140,0.0,0.038,0,
27,1,140,0.0,1.0,0,
2,1,140,0.0,0.241,0,
17,2,141,0.0,0.982,0,
16,2,141,0.0,0.337,0,
2,2,141,0.0,0.038,0,
69,2,141,0.0,1.0,0,
3,2,141,0.0,0.241,0,
17,3,142,0.0,0.982,0,
15,3,142,0.0,0.337,0,
2,3,142,0.0,0.038,0,
56,3,142,0.0,1.0,0,
8,3,142,0.0,0.241,0,
9,4,143,0.0,0.982,1,Tijelovo\
14,4,143,0.0,0.337,1,Tijelovo\
2,4,143,0.0,0.038,1,Tijelovo\
32,4,143,0.0,1.0,1,Tijelovo\
4,4,143,0.0,0.241,1,Tijelovo\
9,5,144,0.0,0.982,1,Tijelovo\
14,5,144,0.0,0.337,1,Tijelovo\
2,5,144,0.0,0.038,1,Tijelovo\
29,5,144,0.0,1.0,1,Tijelovo\
9,5,144,0.0,0.241,1,Tijelovo\
4,6,145,0.0,0.982,1,International Friendly Football Match\
15,6,145,0.0,0.337,1,International Friendly Football Match\
3,6,145,0.0,0.038,1,International Friendly Football Match\
91,6,145,0.0,1.0,1,International Friendly Football Match\
2,6,145,0.0,0.241,1,International Friendly Football Match\
4,7,146,1.0,0.982,0,
15,7,146,1.0,0.337,0,
2,7,146,1.0,0.038,0,
86,7,146,1.0,1.0,0,
2,7,146,1.0,0.241,0,
2,1,147,1.0,0.982,0,
8,1,147,1.0,0.337,0,
4,1,147,1.0,1.0,0,
1,1,147,1.0,0.241,0,
2,2,148,1.0,0.982,0,
13,2,148,1.0,0.337,0,
2,2,148,1.0,0.038,0,
55,2,148,1.0,1.0,0,
1,2,148,1.0,0.241,0,
4,3,149,1.0,0.982,0,
17,3,149,1.0,0.337,0,
1,3,149,1.0,0.038,0,
50,3,149,1.0,1.0,0,
4,3,149,1.0,0.241,0,
5,4,150,1.0,0.982,0,
15,4,150,1.0,0.337,0,
3,4,150,1.0,0.038,0,
52,4,150,1.0,1.0,0,
3,4,150,1.0,0.241,0,
1,4,150,1.0,0.011,0,
1,5,151,0.0,0.001,1,Dan drzavnosti\
18,5,151,0.0,0.982,1,Dan drzavnosti\
13,5,151,0.0,0.337,1,Dan drzavnosti\
1,5,151,0.0,0.038,1,Dan drzavnosti\
40,5,151,0.0,1.0,1,Dan drzavnosti\
6,5,151,0.0,0.241,1,Dan drzavnosti\
2,6,152,1.0,0.982,1,Dan drzavnosti\
7,6,152,1.0,0.337,1,Dan drzavnosti\
69,6,152,1.0,1.0,1,Dan drzavnosti\
2,6,152,1.0,0.241,1,Dan drzavnosti\
3,7,153,1.0,0.982,0,
10,7,153,1.0,0.337,0,
1,7,153,1.0,0.038,0,
35,7,153,1.0,1.0,0,
3,7,153,1.0,0.241,0,
4,1,154,1.0,0.982,0,
7,1,154,1.0,0.337,0,
2,1,154,1.0,0.038,0,
26,1,154,1.0,1.0,0,
2,1,154,1.0,0.241,0,
32,2,155,0.0,0.982,0,
11,2,155,0.0,0.337,0,
1,2,155,0.0,0.038,0,
53,2,155,0.0,1.0,0,
6,2,155,0.0,0.241,0,
37,3,156,0.0,0.982,0,
16,3,156,0.0,0.337,0,
1,3,156,0.0,0.038,0,
10,3,156,0.0,1.0,0,
4,3,156,0.0,0.241,0,
25,4,157,0.0,0.982,0,
26,4,157,0.0,0.337,0,
2,4,157,0.0,0.038,0,
52,4,157,0.0,1.0,0,
3,4,157,0.0,0.241,0,
21,5,158,0.0,0.982,0,
16,5,158,0.0,0.337,0,
1,5,158,0.0,0.038,0,
64,5,158,0.0,1.0,0,
1,5,158,0.0,0.241,0,
6,6,159,0.0,0.982,0,
9,6,159,0.0,0.337,0,
52,6,159,0.0,1.0,0,
5,6,159,0.0,0.241,0,
8,7,160,0.0,0.982,0,
2,7,160,0.0,0.337,0,
34,7,160,0.0,1.0,0,
3,7,160,0.0,0.241,0,
1,7,160,0.0,0.011,0,
17,1,161,1.0,0.982,1,Major Cities Of Europe - IT Users Group\
6,1,161,1.0,0.337,1,Major Cities Of Europe - IT Users Group\
36,1,161,1.0,1.0,1,Major Cities Of Europe - IT Users Group\
5,1,161,1.0,0.241,1,Major Cities Of Europe - IT Users Group\
44,2,162,1.0,0.982,2,Dani Svetog Vida\Major Cities Of Europe - IT Users Group\
2,2,162,1.0,0.337,2,Dani Svetog Vida\Major Cities Of Europe - IT Users Group\
2,2,162,1.0,0.038,2,Dani Svetog Vida\Major Cities Of Europe - IT Users Group\
72,2,162,1.0,1.0,2,Dani Svetog Vida\Major Cities Of Europe - IT Users Group\
1,2,162,1.0,0.011,2,Dani Svetog Vida\Major Cities Of Europe - IT Users Group\
48,3,163,1.0,0.982,2,Dani Svetog Vida\Major Cities Of Europe - IT Users Group\
8,3,163,1.0,0.337,2,Dani Svetog Vida\Major Cities Of Europe - IT Users Group\
1,3,163,1.0,0.038,2,Dani Svetog Vida\Major Cities Of Europe - IT Users Group\
53,3,163,1.0,1.0,2,Dani Svetog Vida\Major Cities Of Europe - IT Users Group\
2,3,163,1.0,0.241,2,Dani Svetog Vida\Major Cities Of Europe - IT Users Group\
1,3,163,1.0,0.011,2,Dani Svetog Vida\Major Cities Of Europe - IT Users Group\
22,4,164,0.0,0.982,1,Dani Svetog Vida\
13,4,164,0.0,0.337,1,Dani Svetog Vida\
2,4,164,0.0,0.038,1,Dani Svetog Vida\
20,4,164,0.0,1.0,1,Dani Svetog Vida\
2,4,164,0.0,0.241,1,Dani Svetog Vida\
1,4,164,0.0,0.011,1,Dani Svetog Vida\
19,5,165,0.0,0.982,2,Dani Svetog Vida\Hartera Festival\
13,5,165,0.0,0.337,2,Dani Svetog Vida\Hartera Festival\
1,5,165,0.0,0.038,2,Dani Svetog Vida\Hartera Festival\
17,5,165,0.0,1.0,2,Dani Svetog Vida\Hartera Festival\
14,5,165,0.0,0.241,2,Dani Svetog Vida\Hartera Festival\
1,5,165,0.0,0.011,2,Dani Svetog Vida\Hartera Festival\
15,6,166,0.0,0.982,2,Dani Svetog Vida\Hartera Festival\
43,6,166,0.0,0.337,2,Dani Svetog Vida\Hartera Festival\
40,6,166,0.0,1.0,2,Dani Svetog Vida\Hartera Festival\
14,6,166,0.0,0.241,2,Dani Svetog Vida\Hartera Festival\
2,6,166,0.0,0.011,2,Dani Svetog Vida\Hartera Festival\
8,7,167,1.0,0.982,1,Dani Svetog Vida\
22,7,167,1.0,0.337,1,Dani Svetog Vida\
20,7,167,1.0,1.0,1,Dani Svetog Vida\
16,7,167,1.0,0.241,1,Dani Svetog Vida\
1,7,167,1.0,0.011,1,Dani Svetog Vida\
12,1,168,0.0,0.982,1,Dani Svetog Vida\
3,1,168,0.0,0.337,1,Dani Svetog Vida\
7,1,168,0.0,1.0,1,Dani Svetog Vida\
2,1,168,0.0,0.241,1,Dani Svetog Vida\
10,2,169,0.0,0.982,1,Dani Svetog Vida\
6,2,169,0.0,0.337,1,Dani Svetog Vida\
1,2,169,0.0,0.038,1,Dani Svetog Vida\
92,2,169,0.0,1.0,1,Dani Svetog Vida\
20,3,170,0.0,0.982,0,
9,3,170,0.0,0.337,0,
4,3,170,0.0,0.038,0,
46,3,170,0.0,1.0,0,
3,3,170,0.0,0.241,0,
31,4,171,1.0,0.982,0,
13,4,171,1.0,0.337,0,
5,4,171,1.0,0.038,0,
9,4,171,1.0,1.0,0,
4,4,171,1.0,0.241,0,
31,5,172,1.0,0.982,0,
2,5,172,1.0,0.337,0,
2,5,172,1.0,0.038,0,
15,5,172,1.0,1.0,0,
3,5,172,1.0,0.241,0,
2,5,172,1.0,0.011,0,
22,6,173,1.0,0.982,1,Intertoto Cup\
3,6,173,1.0,0.337,1,Intertoto Cup\
16,6,173,1.0,1.0,1,Intertoto Cup\
8,6,173,1.0,0.241,1,Intertoto Cup\
2,6,173,1.0,0.011,1,Intertoto Cup\
8,7,174,1.0,0.982,0,
3,7,174,1.0,0.337,0,
19,7,174,1.0,1.0,0,
16,7,174,1.0,0.241,0,
2,7,174,1.0,0.011,0,
10,1,175,1.0,0.982,0,
2,1,175,1.0,0.337,0,
3,1,175,1.0,1.0,0,
6,1,175,1.0,0.241,0,
22,2,176,1.0,0.982,0,
13,2,176,1.0,0.337,0,
4,2,176,1.0,0.038,0,
48,2,176,1.0,1.0,0,
2,2,176,1.0,0.241,0,
8,3,177,1.0,0.982,1,Dan neovisnosti Hrvatske\
8,3,177,1.0,0.337,1,Dan neovisnosti Hrvatske\
4,3,177,1.0,0.038,1,Dan neovisnosti Hrvatske\
54,3,177,1.0,1.0,1,Dan neovisnosti Hrvatske\
2,3,177,1.0,0.241,1,Dan neovisnosti Hrvatske\
7,4,178,1.0,0.982,1,Dan neovisnosti Hrvatske\
9,4,178,1.0,0.337,1,Dan neovisnosti Hrvatske\
3,4,178,1.0,0.038,1,Dan neovisnosti Hrvatske\
66,4,178,1.0,1.0,1,Dan neovisnosti Hrvatske\
2,4,178,1.0,0.241,1,Dan neovisnosti Hrvatske\
1,4,178,1.0,0.011,1,Dan neovisnosti Hrvatske\
33,5,179,1.0,0.982,1,Rijecke ljetne noci\
18,5,179,1.0,0.337,1,Rijecke ljetne noci\
1,5,179,1.0,0.038,1,Rijecke ljetne noci\
15,5,179,1.0,1.0,1,Rijecke ljetne noci\
3,5,179,1.0,0.241,1,Rijecke ljetne noci\
40,6,180,0.0,0.982,1,Rijecke ljetne noci\
13,6,180,0.0,0.337,1,Rijecke ljetne noci\
10,6,180,0.0,1.0,1,Rijecke ljetne noci\
9,6,180,0.0,0.241,1,Rijecke ljetne noci\
22,7,181,1.0,0.982,1,Rijecke ljetne noci\
12,7,181,1.0,0.337,1,Rijecke ljetne noci\
8,7,181,1.0,1.0,1,Rijecke ljetne noci\
8,7,181,1.0,0.241,1,Rijecke ljetne noci\
6,1,182,1.0,0.982,1,Rijecke ljetne noci\
6,1,182,1.0,0.337,1,Rijecke ljetne noci\
4,1,182,1.0,1.0,1,Rijecke ljetne noci\
7,1,182,1.0,0.241,1,Rijecke ljetne noci\
40,2,183,1.0,0.982,1,Rijecke ljetne noci\
3,2,183,1.0,0.337,1,Rijecke ljetne noci\
1,2,183,1.0,0.038,1,Rijecke ljetne noci\
51,2,183,1.0,1.0,1,Rijecke ljetne noci\
1,2,183,1.0,0.241,1,Rijecke ljetne noci\
1,3,184,1.0,0.001,1,Rijecke ljetne noci\
43,3,184,1.0,0.982,1,Rijecke ljetne noci\
1,3,184,1.0,0.337,1,Rijecke ljetne noci\
1,3,184,1.0,0.038,1,Rijecke ljetne noci\
44,3,184,1.0,1.0,1,Rijecke ljetne noci\
3,3,184,1.0,0.241,1,Rijecke ljetne noci\
1,3,184,1.0,0.011,1,Rijecke ljetne noci\
1,3,184,1.0,0.002,1,Rijecke ljetne noci\
14,4,185,1.0,0.982,1,Rijecke ljetne noci\
4,4,185,1.0,0.337,1,Rijecke ljetne noci\
3,4,185,1.0,0.038,1,Rijecke ljetne noci\
7,4,185,1.0,1.0,1,Rijecke ljetne noci\
4,4,185,1.0,0.241,1,Rijecke ljetne noci\
1,4,185,1.0,0.011,1,Rijecke ljetne noci\
21,5,186,1.0,0.982,1,Rijecke ljetne noci\
8,5,186,1.0,0.337,1,Rijecke ljetne noci\
1,5,186,1.0,0.038,1,Rijecke ljetne noci\
7,5,186,1.0,1.0,1,Rijecke ljetne noci\
5,5,186,1.0,0.241,1,Rijecke ljetne noci\
5,6,187,0.0,0.982,1,Rijecke ljetne noci\
12,6,187,0.0,0.337,1,Rijecke ljetne noci\
14,6,187,0.0,1.0,1,Rijecke ljetne noci\
12,6,187,0.0,0.241,1,Rijecke ljetne noci\
2,7,188,1.0,0.982,1,Rijecke ljetne noci\
3,7,188,1.0,0.337,1,Rijecke ljetne noci\
49,7,188,1.0,1.0,1,Rijecke ljetne noci\
11,7,188,1.0,0.241,1,Rijecke ljetne noci\
7,1,189,0.0,0.982,1,Rijecke ljetne noci\
5,1,189,0.0,0.337,1,Rijecke ljetne noci\
4,1,189,0.0,1.0,1,Rijecke ljetne noci\
8,1,189,0.0,0.241,1,Rijecke ljetne noci\
34,2,190,0.0,0.982,1,Rijecke ljetne noci\
11,2,190,0.0,0.337,1,Rijecke ljetne noci\
1,2,190,0.0,0.038,1,Rijecke ljetne noci\
32,2,190,0.0,1.0,1,Rijecke ljetne noci\
3,2,190,0.0,0.241,1,Rijecke ljetne noci\
37,3,191,1.0,0.982,1,Rijecke ljetne noci\
12,3,191,1.0,0.337,1,Rijecke ljetne noci\
1,3,191,1.0,0.038,1,Rijecke ljetne noci\
11,3,191,1.0,1.0,1,Rijecke ljetne noci\
5,3,191,1.0,0.241,1,Rijecke ljetne noci\
44,4,192,1.0,0.982,1,Rijecke ljetne noci\
13,4,192,1.0,0.337,1,Rijecke ljetne noci\
1,4,192,1.0,0.038,1,Rijecke ljetne noci\
10,4,192,1.0,1.0,1,Rijecke ljetne noci\
10,4,192,1.0,0.241,1,Rijecke ljetne noci\
26,5,193,1.0,0.982,1,Rijecke ljetne noci\
21,5,193,1.0,0.337,1,Rijecke ljetne noci\
2,5,193,1.0,0.038,1,Rijecke ljetne noci\
9,5,193,1.0,1.0,1,Rijecke ljetne noci\
4,5,193,1.0,0.241,1,Rijecke ljetne noci\
1,5,193,1.0,0.011,1,Rijecke ljetne noci\
9,6,194,1.0,0.982,1,Rijecke ljetne noci\
10,6,194,1.0,0.337,1,Rijecke ljetne noci\
1,6,194,1.0,0.038,1,Rijecke ljetne noci\
20,6,194,1.0,1.0,1,Rijecke ljetne noci\
10,6,194,1.0,0.241,1,Rijecke ljetne noci\
1,6,194,1.0,0.011,1,Rijecke ljetne noci\
3,7,195,1.0,0.982,1,Rijecke ljetne noci\
13,7,195,1.0,0.337,1,Rijecke ljetne noci\
3,7,195,1.0,1.0,1,Rijecke ljetne noci\
4,7,195,1.0,0.241,1,Rijecke ljetne noci\
6,1,196,0.0,0.982,1,Rijecke ljetne noci\
6,1,196,0.0,0.337,1,Rijecke ljetne noci\
1,1,196,0.0,0.038,1,Rijecke ljetne noci\
6,1,196,0.0,1.0,1,Rijecke ljetne noci\
5,1,196,0.0,0.241,1,Rijecke ljetne noci\
23,2,197,1.0,0.982,1,Rijecke ljetne noci\
11,2,197,1.0,0.337,1,Rijecke ljetne noci\
58,2,197,1.0,1.0,1,Rijecke ljetne noci\
3,2,197,1.0,0.241,1,Rijecke ljetne noci\
30,3,198,1.0,0.982,1,Rijecke ljetne noci\
14,3,198,1.0,0.337,1,Rijecke ljetne noci\
1,3,198,1.0,0.038,1,Rijecke ljetne noci\
7,3,198,1.0,1.0,1,Rijecke ljetne noci\
8,3,198,1.0,0.241,1,Rijecke ljetne noci\
27,4,199,1.0,0.982,1,Rijecke ljetne noci\
15,4,199,1.0,0.337,1,Rijecke ljetne noci\
1,4,199,1.0,0.038,1,Rijecke ljetne noci\
13,4,199,1.0,1.0,1,Rijecke ljetne noci\
8,4,199,1.0,0.241,1,Rijecke ljetne noci\
16,5,200,0.0,0.982,1,Rijecke ljetne noci\
8,5,200,0.0,0.337,1,Rijecke ljetne noci\
3,5,200,0.0,0.038,1,Rijecke ljetne noci\
12,5,200,0.0,1.0,1,Rijecke ljetne noci\
9,5,200,0.0,0.241,1,Rijecke ljetne noci\
8,6,201,1.0,0.982,1,Rijecke ljetne noci\
4,6,201,1.0,0.337,1,Rijecke ljetne noci\
2,6,201,1.0,0.038,1,Rijecke ljetne noci\
38,6,201,1.0,1.0,1,Rijecke ljetne noci\
9,6,201,1.0,0.241,1,Rijecke ljetne noci\
9,7,202,1.0,0.982,1,Rijecke ljetne noci\
6,7,202,1.0,0.337,1,Rijecke ljetne noci\
25,7,202,1.0,1.0,1,Rijecke ljetne noci\
8,7,202,1.0,0.241,1,Rijecke ljetne noci\
6,1,203,0.0,0.982,1,Rijecke ljetne noci\
8,1,203,0.0,0.337,1,Rijecke ljetne noci\
4,1,203,0.0,1.0,1,Rijecke ljetne noci\
9,1,203,0.0,0.241,1,Rijecke ljetne noci\
17,2,204,1.0,0.982,1,Rijecke ljetne noci\
5,2,204,1.0,0.337,1,Rijecke ljetne noci\
40,2,204,1.0,1.0,1,Rijecke ljetne noci\
13,2,204,1.0,0.241,1,Rijecke ljetne noci\
18,3,205,1.0,0.982,1,Rijecke ljetne noci\
8,3,205,1.0,0.337,1,Rijecke ljetne noci\
1,3,205,1.0,0.038,1,Rijecke ljetne noci\
14,3,205,1.0,1.0,1,Rijecke ljetne noci\
13,3,205,1.0,0.241,1,Rijecke ljetne noci\
24,4,206,1.0,0.982,1,Rijecke ljetne noci\
7,4,206,1.0,0.337,1,Rijecke ljetne noci\
1,4,206,1.0,0.038,1,Rijecke ljetne noci\
11,4,206,1.0,1.0,1,Rijecke ljetne noci\
11,4,206,1.0,0.241,1,Rijecke ljetne noci\
19,5,207,0.0,0.982,1,Rijecke ljetne noci\
8,5,207,0.0,0.337,1,Rijecke ljetne noci\
2,5,207,0.0,0.038,1,Rijecke ljetne noci\
32,5,207,0.0,1.0,1,Rijecke ljetne noci\
9,5,207,0.0,0.241,1,Rijecke ljetne noci\
15,6,208,1.0,0.982,1,Rijecke ljetne noci\
3,6,208,1.0,0.337,1,Rijecke ljetne noci\
30,6,208,1.0,1.0,1,Rijecke ljetne noci\
11,6,208,1.0,0.241,1,Rijecke ljetne noci\
7,7,209,1.0,0.982,1,Rijecke ljetne noci\
5,7,209,1.0,0.337,1,Rijecke ljetne noci\
1,7,209,1.0,0.038,1,Rijecke ljetne noci\
14,7,209,1.0,1.0,1,Rijecke ljetne noci\
8,7,209,1.0,0.241,1,Rijecke ljetne noci\
13,1,210,1.0,0.982,0,
6,1,210,1.0,0.337,0,
6,1,210,1.0,1.0,0,
3,1,210,1.0,0.241,0,
35,2,211,1.0,0.982,0,
6,2,211,1.0,0.337,0,
4,2,211,1.0,0.038,0,
59,2,211,1.0,1.0,0,
11,2,211,1.0,0.241,0,
2,2,211,1.0,0.011,0,
40,3,212,1.0,0.982,0,
6,3,212,1.0,0.337,0,
4,3,212,1.0,0.038,0,
13,3,212,1.0,1.0,0,
7,3,212,1.0,0.241,0,
2,3,212,1.0,0.011,0,
26,4,213,1.0,0.982,0,
5,4,213,1.0,0.337,0,
1,4,213,1.0,0.038,0,
28,4,213,1.0,1.0,0,
3,4,213,1.0,0.241,0,
20,5,214,1.0,0.982,0,
4,5,214,1.0,0.337,0,
1,5,214,1.0,0.038,0,
11,5,214,1.0,1.0,0,
6,5,214,1.0,0.241,0,
1,5,214,1.0,0.011,0,
9,6,215,0.0,0.982,0,
5,6,215,0.0,0.337,0,
1,6,215,0.0,0.038,0,
27,6,215,0.0,1.0,0,
14,6,215,0.0,0.241,0,
1,6,215,0.0,0.011,0,
7,7,216,1.0,0.982,0,
3,7,216,1.0,0.337,0,
1,7,216,1.0,0.038,0,
24,7,216,1.0,1.0,0,
14,7,216,1.0,0.241,0,
1,7,216,1.0,0.011,0,
6,1,217,1.0,0.982,0,
1,1,217,1.0,0.337,0,
1,1,217,1.0,0.038,0,
39,1,217,1.0,1.0,0,
4,1,217,1.0,0.241,0,
1,2,218,1.0,0.001,1,Dan pobjede i domovinske zahvalnosti\
14,2,218,1.0,0.982,1,Dan pobjede i domovinske zahvalnosti\
2,2,218,1.0,0.337,1,Dan pobjede i domovinske zahvalnosti\
1,2,218,1.0,0.038,1,Dan pobjede i domovinske zahvalnosti\
69,2,218,1.0,1.0,1,Dan pobjede i domovinske zahvalnosti\
8,2,218,1.0,0.241,1,Dan pobjede i domovinske zahvalnosti\
1,2,218,1.0,0.011,1,Dan pobjede i domovinske zahvalnosti\
1,3,219,0.0,0.001,1,Dan pobjede i domovinske zahvalnosti\
17,3,219,0.0,0.982,1,Dan pobjede i domovinske zahvalnosti\
10,3,219,0.0,0.337,1,Dan pobjede i domovinske zahvalnosti\
1,3,219,0.0,0.038,1,Dan pobjede i domovinske zahvalnosti\
28,3,219,0.0,1.0,1,Dan pobjede i domovinske zahvalnosti\
16,3,219,0.0,0.241,1,Dan pobjede i domovinske zahvalnosti\
22,4,220,1.0,0.982,0,
5,4,220,1.0,0.337,0,
1,4,220,1.0,0.038,0,
34,4,220,1.0,1.0,0,
11,4,220,1.0,0.241,0,
19,5,221,0.0,0.982,0,
4,5,221,0.0,0.337,0,
2,5,221,0.0,0.038,0,
37,5,221,0.0,1.0,0,
5,5,221,0.0,0.241,0,
9,6,222,0.0,0.982,0,
2,6,222,0.0,0.337,0,
54,6,222,0.0,1.0,0,
12,6,222,0.0,0.241,0,
9,7,223,1.0,0.982,0,
2,7,223,1.0,0.337,0,
36,7,223,1.0,1.0,0,
10,7,223,1.0,0.241,0,
1,7,223,1.0,0.011,0,
7,1,224,1.0,0.982,0,
3,1,224,1.0,0.337,0,
19,1,224,1.0,1.0,0,
9,1,224,1.0,0.241,0,
1,2,225,1.0,0.001,0,
9,2,225,1.0,0.982,0,
1,2,225,1.0,0.337,0,
96,2,225,1.0,1.0,0,
2,2,225,1.0,0.241,0,
1,2,225,1.0,0.011,0,
1,3,226,1.0,0.001,0,
11,3,226,1.0,0.982,0,
2,3,226,1.0,0.337,0,
66,3,226,1.0,1.0,0,
4,3,226,1.0,0.241,0,
15,4,227,0.0,0.982,0,
4,4,227,0.0,0.337,0,
1,4,227,0.0,0.038,0,
69,4,227,0.0,1.0,0,
10,4,227,0.0,0.241,0,
10,5,228,0.0,0.982,1,Velika Gospa\
3,5,228,0.0,0.337,1,Velika Gospa\
1,5,228,0.0,0.038,1,Velika Gospa\
74,5,228,0.0,1.0,1,Velika Gospa\
8,5,228,0.0,0.241,1,Velika Gospa\
8,6,229,0.0,0.982,1,Velika Gospa\
3,6,229,0.0,0.337,1,Velika Gospa\
3,6,229,0.0,0.038,1,Velika Gospa\
72,6,229,0.0,1.0,1,Velika Gospa\
14,6,229,0.0,0.241,1,Velika Gospa\
7,7,230,1.0,0.982,0,
1,7,230,1.0,0.337,0,
74,7,230,1.0,1.0,0,
14,7,230,1.0,0.241,0,
1,7,230,1.0,0.011,0,
36,1,231,1.0,0.982,0,
2,1,231,1.0,0.337,0,
1,1,231,1.0,0.038,0,
13,1,231,1.0,1.0,0,
8,1,231,1.0,0.241,0,
16,2,232,1.0,0.982,0,
1,2,232,1.0,0.337,0,
80,2,232,1.0,1.0,0,
3,2,232,1.0,0.241,0,
20,3,233,1.0,0.982,0,
6,3,233,1.0,0.337,0,
13,3,233,1.0,1.0,0,
4,3,233,1.0,0.241,0,
20,4,234,1.0,0.982,0,
7,4,234,1.0,0.337,0,
1,4,234,1.0,0.038,0,
7,4,234,1.0,1.0,0,
1,4,234,1.0,0.241,0,
12,5,235,1.0,0.982,0,
1,5,235,1.0,0.337,0,
2,5,235,1.0,0.038,0,
28,5,235,1.0,1.0,0,
4,5,235,1.0,0.241,0,
18,6,236,1.0,0.982,0,
4,6,236,1.0,0.337,0,
33,6,236,1.0,1.0,0,
2,6,236,1.0,0.241,0,
1,7,237,0.0,0.001,0,
10,7,237,0.0,0.982,0,
4,7,237,0.0,0.337,0,
3,7,237,0.0,0.038,0,
52,7,237,0.0,1.0,0,
4,7,237,0.0,0.241,0,
12,1,238,1.0,0.982,0,
8,1,238,1.0,0.337,0,
6,1,238,1.0,1.0,0,
5,1,238,1.0,0.241,0,
24,2,239,1.0,0.982,0,
10,2,239,1.0,0.337,0,
2,2,239,1.0,0.038,0,
72,2,239,1.0,1.0,0,
1,2,239,1.0,0.241,0,
1,2,239,1.0,0.002,0,
29,3,240,1.0,0.982,0,
15,3,240,1.0,0.337,0,
4,3,240,1.0,0.038,0,
22,3,240,1.0,1.0,0,
6,3,240,1.0,0.241,0,
27,4,241,1.0,0.982,0,
16,4,241,1.0,0.337,0,
23,4,241,1.0,1.0,0,
2,4,241,1.0,0.241,0,
1,4,241,1.0,0.011,0,
14,5,242,1.0,0.982,0,
12,5,242,1.0,0.337,0,
37,5,242,1.0,1.0,0,
11,5,242,1.0,0.241,0,
1,5,242,1.0,0.011,0,
18,6,243,1.0,0.982,0,
10,6,243,1.0,0.337,0,
1,6,243,1.0,0.038,0,
9,6,243,1.0,1.0,0,
4,6,243,1.0,0.241,0,
12,7,244,1.0,0.982,0,
1,7,244,1.0,0.337,0,
3,7,244,1.0,0.038,0,
6,7,244,1.0,1.0,0,
6,7,244,1.0,0.241,0,
42,1,245,1.0,0.982,0,
5,1,245,1.0,0.337,0,
12,1,245,1.0,1.0,0,
5,1,245,1.0,0.241,0,
19,2,246,1.0,0.982,0,
6,2,246,1.0,0.337,0,
1,2,246,1.0,0.038,0,
47,2,246,1.0,1.0,0,
3,2,246,1.0,0.241,0,
17,3,247,1.0,0.982,0,
8,3,247,1.0,0.337,0,
2,3,247,1.0,0.038,0,
11,3,247,1.0,1.0,0,
8,3,247,1.0,0.241,0,
19,4,248,1.0,0.982,0,
7,4,248,1.0,0.337,0,
2,4,248,1.0,0.038,0,
9,4,248,1.0,1.0,0,
12,4,248,1.0,0.241,0,
14,5,249,0.0,0.982,1,International Conference Of Clinical Ethics And Consultation\
1,5,249,0.0,0.337,1,International Conference Of Clinical Ethics And Consultation\
1,5,249,0.0,0.038,1,International Conference Of Clinical Ethics And Consultation\
19,5,249,0.0,1.0,1,International Conference Of Clinical Ethics And Consultation\
2,5,249,0.0,0.241,1,International Conference Of Clinical Ethics And Consultation\
10,6,250,1.0,0.982,0,
1,6,250,1.0,0.337,0,
4,6,250,1.0,1.0,0,
2,6,250,1.0,0.241,0,
1,6,250,1.0,0.011,0,
8,7,251,1.0,0.982,0,
1,7,251,1.0,0.337,0,
7,7,251,1.0,1.0,0,
2,7,251,1.0,0.241,0,
13,1,252,0.0,0.982,0,
4,1,252,0.0,0.337,0,
2,1,252,0.0,0.038,0,
7,1,252,0.0,1.0,0,
3,1,252,0.0,0.241,0,
1,1,252,0.0,0.011,0,
19,2,253,1.0,0.982,0,
5,2,253,1.0,0.337,0,
2,2,253,1.0,0.038,0,
4,2,253,1.0,1.0,0,
4,2,253,1.0,0.241,0,
1,2,253,1.0,0.011,0,
28,3,254,1.0,0.982,0,
8,3,254,1.0,0.337,0,
1,3,254,1.0,0.038,0,
18,3,254,1.0,1.0,0,
9,3,254,1.0,0.241,0,
1,3,254,1.0,0.011,0,
38,4,255,1.0,0.982,0,
9,4,255,1.0,0.337,0,
4,4,255,1.0,0.038,0,
27,4,255,1.0,1.0,0,
6,4,255,1.0,0.241,0,
1,4,255,1.0,0.011,0,
36,5,256,1.0,0.982,0,
6,5,256,1.0,0.337,0,
1,5,256,1.0,0.038,0,
26,5,256,1.0,1.0,0,
3,5,256,1.0,0.241,0,
1,5,256,1.0,0.011,0,
15,6,257,0.0,0.982,0,
5,6,257,0.0,0.337,0,
1,6,257,0.0,0.038,0,
27,6,257,0.0,1.0,0,
3,6,257,0.0,0.241,0,
1,6,257,0.0,0.011,0,
21,7,258,0.0,0.982,0,
1,7,258,0.0,0.038,0,
64,7,258,0.0,1.0,0,
6,7,258,0.0,0.241,0,
12,1,259,1.0,0.982,0,
11,1,259,1.0,0.337,0,
57,1,259,1.0,1.0,0,
2,1,259,1.0,0.241,0,
16,2,260,1.0,0.982,0,
10,2,260,1.0,0.337,0,
1,2,260,1.0,0.038,0,
84,2,260,1.0,1.0,0,
28,3,261,1.0,0.982,0,
25,3,261,1.0,0.337,0,
1,3,261,1.0,0.038,0,
24,3,261,1.0,1.0,0,
4,3,261,1.0,0.241,0,
45,4,262,1.0,0.982,0,
23,4,262,1.0,0.337,0,
1,4,262,1.0,0.038,0,
33,4,262,1.0,1.0,0,
1,4,262,1.0,0.241,0,
2,4,262,1.0,0.011,0,
30,5,263,1.0,0.982,0,
30,5,263,1.0,0.337,0,
26,5,263,1.0,1.0,0,
4,5,263,1.0,0.241,0,
1,5,263,1.0,0.011,0,
12,6,264,1.0,0.982,0,
18,6,264,1.0,0.337,0,
17,6,264,1.0,1.0,0,
3,6,264,1.0,0.241,0,
1,6,264,1.0,0.011,0,
2,6,264,1.0,0.002,0,
27,7,265,0.0,0.982,0,
27,7,265,0.0,1.0,0,
4,7,265,0.0,0.241,0,
2,7,265,0.0,0.002,0,
15,1,266,1.0,0.982,0,
7,1,266,1.0,0.337,0,
18,1,266,1.0,1.0,0,
3,1,266,1.0,0.241,0,
24,2,267,0.0,0.982,0,
11,2,267,0.0,0.337,0,
1,2,267,0.0,0.038,0,
79,2,267,0.0,1.0,0,
2,2,267,0.0,0.011,0,
36,3,268,0.0,0.982,0,
19,3,268,0.0,0.337,0,
2,3,268,0.0,0.038,0,
10,3,268,0.0,1.0,0,
3,3,268,0.0,0.241,0,
1,3,268,0.0,0.011,0,
29,4,269,0.0,0.982,1,Croatian American Corners Conference\
20,4,269,0.0,0.337,1,Croatian American Corners Conference\
3,4,269,0.0,0.038,1,Croatian American Corners Conference\
62,4,269,0.0,1.0,1,Croatian American Corners Conference\
2,4,269,0.0,0.241,1,Croatian American Corners Conference\
2,4,269,0.0,0.011,1,Croatian American Corners Conference\
15,5,270,0.0,0.982,1,Croatian American Corners Conference\
30,5,270,0.0,0.337,1,Croatian American Corners Conference\
1,5,270,0.0,0.038,1,Croatian American Corners Conference\
67,5,270,0.0,1.0,1,Croatian American Corners Conference\
1,5,270,0.0,0.241,1,Croatian American Corners Conference\
2,5,270,0.0,0.011,1,Croatian American Corners Conference\
12,6,271,0.0,0.982,0,
15,6,271,0.0,0.337,0,
1,6,271,0.0,0.038,0,
54,6,271,0.0,1.0,0,
13,6,271,0.0,0.241,0,
11,7,272,1.0,0.982,0,
8,7,272,1.0,0.337,0,
36,7,272,1.0,1.0,0,
3,7,272,1.0,0.241,0,
12,1,273,1.0,0.982,0,
2,1,273,1.0,0.337,0,
16,1,273,1.0,1.0,0,
2,1,273,1.0,0.241,0,
23,2,274,1.0,0.982,0,
5,2,274,1.0,0.337,0,
66,2,274,1.0,1.0,0,
2,2,274,1.0,0.241,0,
37,3,275,0.0,0.982,0,
8,3,275,0.0,0.337,0,
1,3,275,0.0,0.038,0,
56,3,275,0.0,1.0,0,
5,3,275,0.0,0.241,0,
39,4,276,0.0,0.982,1,Festivak kRik\
13,4,276,0.0,0.337,1,Festivak kRik\
1,4,276,0.0,0.038,1,Festivak kRik\
18,4,276,0.0,1.0,1,Festivak kRik\
5,4,276,0.0,0.241,1,Festivak kRik\
1,4,276,0.0,0.011,1,Festivak kRik\
1,5,277,0.0,0.001,1,Festivak kRik\
44,5,277,0.0,0.982,1,Festivak kRik\
9,5,277,0.0,0.337,1,Festivak kRik\
42,5,277,0.0,1.0,1,Festivak kRik\
1,5,277,0.0,0.241,1,Festivak kRik\
13,6,278,0.0,0.982,1,Festivak kRik\
10,6,278,0.0,0.337,1,Festivak kRik\
2,6,278,0.0,0.038,1,Festivak kRik\
36,6,278,0.0,1.0,1,Festivak kRik\
3,6,278,0.0,0.241,1,Festivak kRik\
11,7,279,1.0,0.982,1,Festivak kRik\
10,7,279,1.0,0.337,1,Festivak kRik\
1,7,279,1.0,0.038,1,Festivak kRik\
18,7,279,1.0,1.0,1,Festivak kRik\
5,7,279,1.0,0.241,1,Festivak kRik\
16,1,280,1.0,0.982,1,Festivak kRik\
1,1,280,1.0,0.337,1,Festivak kRik\
1,1,280,1.0,0.038,1,Festivak kRik\
27,1,280,1.0,1.0,1,Festivak kRik\
1,1,280,1.0,0.241,1,Festivak kRik\
23,2,281,1.0,0.982,1,Festivak kRik\
2,2,281,1.0,0.337,1,Festivak kRik\
3,2,281,1.0,0.038,1,Festivak kRik\
51,2,281,1.0,1.0,1,Festivak kRik\
8,2,281,1.0,0.241,1,Festivak kRik\
15,3,282,0.0,0.982,1,Festivak kRik\
12,3,282,0.0,0.337,1,Festivak kRik\
10,3,282,0.0,1.0,1,Festivak kRik\
3,3,282,0.0,0.241,1,Festivak kRik\
12,4,283,1.0,0.982,1,Festivak kRik\
20,4,283,1.0,0.337,1,Festivak kRik\
1,4,283,1.0,0.038,1,Festivak kRik\
10,4,283,1.0,1.0,1,Festivak kRik\
3,4,283,1.0,0.241,1,Festivak kRik\
28,5,284,1.0,0.982,1,Festivak kRik\
12,5,284,1.0,0.337,1,Festivak kRik\
1,5,284,1.0,0.038,1,Festivak kRik\
7,5,284,1.0,1.0,1,Festivak kRik\
4,5,284,1.0,0.241,1,Festivak kRik\
16,6,285,1.0,0.982,1,Festivak kRik\
5,6,285,1.0,0.337,1,Festivak kRik\
53,6,285,1.0,1.0,1,Festivak kRik\
3,6,285,1.0,0.241,1,Festivak kRik\
13,7,286,1.0,0.982,0,
1,7,286,1.0,0.337,0,
65,7,286,1.0,1.0,0,
4,7,286,1.0,0.241,0,
1,1,287,1.0,0.001,0,
16,1,287,1.0,0.982,0,
3,1,287,1.0,0.337,0,
76,1,287,1.0,1.0,0,
3,1,287,1.0,0.241,0,
43,2,288,1.0,0.982,0,
6,2,288,1.0,0.337,0,
2,2,288,1.0,0.038,0,
6,2,288,1.0,1.0,0,
2,2,288,1.0,0.241,0,
43,3,289,1.0,0.982,0,
10,3,289,1.0,0.337,0,
1,3,289,1.0,0.038,0,
8,3,289,1.0,1.0,0,
5,3,289,1.0,0.241,0,
1,4,290,0.0,0.001,0,
59,4,290,0.0,0.982,0,
8,4,290,0.0,0.337,0,
2,4,290,0.0,0.038,0,
13,4,290,0.0,1.0,0,
4,4,290,0.0,0.241,0,
43,5,291,0.0,0.982,0,
9,5,291,0.0,0.337,0,
2,5,291,0.0,0.038,0,
24,5,291,0.0,1.0,0,
2,5,291,0.0,0.241,0,
25,6,292,0.0,0.982,0,
3,6,292,0.0,0.337,0,
4,6,292,0.0,0.038,0,
76,6,292,0.0,1.0,0,
7,6,292,0.0,0.241,0,
1,6,292,0.0,0.011,0,
25,7,293,1.0,0.982,0,
4,7,293,1.0,0.337,0,
4,7,293,1.0,0.038,0,
58,7,293,1.0,1.0,0,
10,7,293,1.0,0.241,0,
13,1,294,1.0,0.982,0,
14,1,294,1.0,0.337,0,
12,1,294,1.0,1.0,0,
51,2,295,0.0,0.982,0,
21,2,295,0.0,0.337,0,
3,2,295,0.0,0.038,0,
1,2,295,0.0,1.0,0,
7,2,295,0.0,0.241,0,
56,3,296,0.0,0.982,0,
7,3,296,0.0,0.337,0,
3,3,296,0.0,0.038,0,
24,3,296,0.0,1.0,0,
3,3,296,0.0,0.241,0,
56,4,297,1.0,0.982,0,
6,4,297,1.0,0.337,0,
2,4,297,1.0,0.038,0,
14,4,297,1.0,1.0,0,
3,4,297,1.0,0.241,0,
37,5,298,1.0,0.982,0,
6,5,298,1.0,0.337,0,
40,5,298,1.0,1.0,0,
5,5,298,1.0,0.241,0,
25,6,299,1.0,0.982,0,
5,6,299,1.0,0.337,0,
2,6,299,1.0,0.038,0,
10,6,299,1.0,1.0,0,
4,6,299,1.0,0.241,0,
27,7,300,1.0,0.982,0,
3,7,300,1.0,0.337,0,
5,7,300,1.0,0.038,0,
20,7,300,1.0,1.0,0,
6,7,300,1.0,0.241,0,
44,1,301,1.0,0.982,0,
9,1,301,1.0,0.337,0,
1,1,301,1.0,0.038,0,
17,1,301,1.0,1.0,0,
2,1,301,1.0,0.241,0,
39,2,302,0.0,0.982,0,
14,2,302,0.0,0.337,0,
3,2,302,0.0,0.038,0,
7,2,302,0.0,1.0,0,
3,2,302,0.0,0.241,0,
54,3,303,0.0,0.982,0,
18,3,303,0.0,0.337,0,
2,3,303,0.0,0.038,0,
6,3,303,0.0,1.0,0,
1,3,303,0.0,0.241,0,
2,3,303,0.0,0.011,0,
45,4,304,0.0,0.982,0,
25,4,304,0.0,0.337,0,
2,4,304,0.0,0.038,0,
4,4,304,0.0,1.0,0,
1,4,304,0.0,0.011,0,
31,5,305,0.0,0.982,0,
8,5,305,0.0,0.337,0,
2,5,305,0.0,0.038,0,
1,5,305,0.0,1.0,0,
1,5,305,0.0,0.241,0,
20,6,306,0.0,0.982,1,Svi Sveti\
2,6,306,0.0,0.337,1,Svi Sveti\
4,6,306,0.0,1.0,1,Svi Sveti\
1,6,306,0.0,0.241,1,Svi Sveti\
10,7,307,0.0,0.982,1,Svi Sveti\
1,7,307,0.0,0.337,1,Svi Sveti\
1,7,307,0.0,0.038,1,Svi Sveti\
11,7,307,0.0,1.0,1,Svi Sveti\
1,7,307,0.0,0.241,1,Svi Sveti\
18,1,308,1.0,0.982,0,
2,1,308,1.0,0.337,0,
11,1,308,1.0,1.0,0,
1,1,308,1.0,0.241,0,
43,2,309,0.0,0.982,0,
6,2,309,0.0,0.337,0,
2,2,309,0.0,0.038,0,
1,2,309,0.0,1.0,0,
3,2,309,0.0,0.241,0,
50,3,310,0.0,0.982,0,
9,3,310,0.0,0.337,0,
2,3,310,0.0,0.038,0,
2,3,310,0.0,1.0,0,
7,3,310,0.0,0.241,0,
38,4,311,0.0,0.982,0,
6,4,311,0.0,0.337,0,
2,4,311,0.0,0.038,0,
3,4,311,0.0,1.0,0,
1,4,311,0.0,0.241,0,
67,5,312,0.0,0.982,0,
6,5,312,0.0,0.337,0,
1,5,312,0.0,0.038,0,
8,5,312,0.0,1.0,0,
5,5,312,0.0,0.241,0,
1,5,312,0.0,0.011,0,
50,6,313,0.0,0.982,0,
2,6,313,0.0,0.337,0,
31,6,313,0.0,1.0,0,
32,6,313,0.0,0.241,0,
1,6,313,0.0,0.011,0,
16,7,314,0.0,0.982,0,
4,7,314,0.0,0.337,0,
13,7,314,0.0,1.0,0,
15,7,314,0.0,0.241,0,
1,7,314,0.0,0.011,0,
17,1,315,1.0,0.982,0,
3,1,315,1.0,0.337,0,
14,1,315,1.0,1.0,0,
3,1,315,1.0,0.241,0,
22,2,316,1.0,0.982,0,
6,2,316,1.0,0.337,0,
9,2,316,1.0,1.0,0,
4,2,316,1.0,0.241,0,
31,3,317,0.0,0.982,0,
7,3,317,0.0,0.337,0,
2,3,317,0.0,0.038,0,
13,3,317,0.0,1.0,0,
5,3,317,0.0,0.241,0,
1,3,317,0.0,0.011,0,
30,4,318,0.0,0.982,0,
3,4,318,0.0,0.337,0,
1,4,318,0.0,0.038,0,
79,4,318,0.0,1.0,0,
1,4,318,0.0,0.011,0,
25,5,319,0.0,0.982,0,
11,5,319,0.0,0.337,0,
1,5,319,0.0,0.038,0,
80,5,319,0.0,1.0,0,
1,5,319,0.0,0.241,0,
1,5,319,0.0,0.011,0,
26,6,320,1.0,0.982,0,
6,6,320,1.0,0.337,0,
2,6,320,1.0,0.038,0,
81,6,320,1.0,1.0,0,
2,6,320,1.0,0.241,0,
12,7,321,1.0,0.982,0,
2,7,321,1.0,0.337,0,
1,7,321,1.0,0.038,0,
2,7,321,1.0,1.0,0,
2,7,321,1.0,0.241,0,
16,1,322,1.0,0.982,0,
4,1,322,1.0,0.337,0,
2,1,322,1.0,0.038,0,
4,1,322,1.0,1.0,0,
1,1,322,1.0,0.241,0,
35,2,323,1.0,0.982,0,
9,2,323,1.0,0.337,0,
3,2,323,1.0,0.038,0,
5,2,323,1.0,1.0,0,
4,2,323,1.0,0.241,0,
32,3,324,1.0,0.982,0,
10,3,324,1.0,0.337,0,
1,3,324,1.0,0.038,0,
6,3,324,1.0,1.0,0,
4,3,324,1.0,0.241,0,
42,4,325,1.0,0.982,0,
14,4,325,1.0,0.337,0,
1,4,325,1.0,0.038,0,
5,4,325,1.0,1.0,0,
9,4,325,1.0,0.241,0,
32,5,326,1.0,0.982,0,
12,5,326,1.0,0.337,0,
1,5,326,1.0,0.038,0,
9,5,326,1.0,1.0,0,
4,5,326,1.0,0.241,0,
16,6,327,0.0,0.982,0,
9,6,327,0.0,0.337,0,
4,6,327,0.0,0.038,0,
17,6,327,0.0,1.0,0,
5,6,327,0.0,0.241,0,
1,6,327,0.0,0.011,0,
16,7,328,1.0,0.982,0,
10,7,328,1.0,0.337,0,
5,7,328,1.0,0.038,0,
9,7,328,1.0,1.0,0,
6,7,328,1.0,0.241,0,
1,7,328,1.0,0.011,0,
12,1,329,0.0,0.982,0,
7,1,329,0.0,0.337,0,
2,1,329,0.0,0.038,0,
6,1,329,0.0,1.0,0,
2,1,329,0.0,0.241,0,
1,1,329,0.0,0.011,0,
26,2,330,0.0,0.982,0,
15,2,330,0.0,0.337,0,
1,2,330,0.0,0.038,0,
12,2,330,0.0,1.0,0,
2,2,330,0.0,0.241,0,
1,2,330,0.0,0.011,0,
35,3,331,0.0,0.982,0,
13,3,331,0.0,0.337,0,
3,3,331,0.0,0.038,0,
14,3,331,0.0,1.0,0,
6,3,331,0.0,0.241,0,
40,4,332,1.0,0.982,0,
20,4,332,1.0,0.337,0,
7,4,332,1.0,0.038,0,
10,4,332,1.0,1.0,0,
7,4,332,1.0,0.241,0,
40,5,333,0.0,0.982,0,
5,5,333,0.0,0.337,0,
4,5,333,0.0,0.038,0,
12,5,333,0.0,1.0,0,
8,5,333,0.0,0.241,0,
34,6,334,0.0,0.982,0,
8,6,334,0.0,0.337,0,
1,6,334,0.0,0.038,0,
2,6,334,0.0,1.0,0,
4,6,334,0.0,0.241,0,
16,7,335,0.0,0.982,0,
5,7,335,0.0,0.337,0,
1,7,335,0.0,0.038,0,
3,7,335,0.0,1.0,0,
5,7,335,0.0,0.241,0,
10,1,336,0.0,0.982,0,
3,1,336,0.0,0.337,0,
3,1,336,0.0,1.0,0,
6,1,336,0.0,0.241,0,
39,2,337,0.0,0.982,0,
18,2,337,0.0,0.337,0,
1,2,337,0.0,0.038,0,
4,2,337,0.0,1.0,0,
8,2,337,0.0,0.241,0,
2,2,337,0.0,0.002,0,
36,3,338,0.0,0.982,0,
6,3,338,0.0,0.337,0,
4,3,338,0.0,0.038,0,
2,3,338,0.0,1.0,0,
4,3,338,0.0,0.241,0,
34,4,339,1.0,0.982,0,
30,4,339,1.0,0.337,0,
1,4,339,1.0,0.038,0,
5,4,339,1.0,1.0,0,
3,4,339,1.0,0.241,0,
1,4,339,1.0,0.011,0,
32,5,340,0.0,0.982,1,Ri Rock Festival\
7,5,340,0.0,0.337,1,Ri Rock Festival\
1,5,340,0.0,0.038,1,Ri Rock Festival\
6,5,340,0.0,1.0,1,Ri Rock Festival\
3,5,340,0.0,0.241,1,Ri Rock Festival\
20,6,341,0.0,0.982,1,Ri Rock Festival\
4,6,341,0.0,0.337,1,Ri Rock Festival\
1,6,341,0.0,0.038,1,Ri Rock Festival\
1,6,341,0.0,1.0,1,Ri Rock Festival\
3,6,341,0.0,0.241,1,Ri Rock Festival\
22,7,342,1.0,0.982,1,Ri Rock Festival\
3,7,342,1.0,0.337,1,Ri Rock Festival\
1,7,342,1.0,0.038,1,Ri Rock Festival\
2,7,342,1.0,1.0,1,Ri Rock Festival\
3,7,342,1.0,0.241,1,Ri Rock Festival\
20,1,343,1.0,0.982,1,Ri Rock Festival\
4,1,343,1.0,0.337,1,Ri Rock Festival\
1,1,343,1.0,0.038,1,Ri Rock Festival\
4,1,343,1.0,1.0,1,Ri Rock Festival\
8,1,343,1.0,0.241,1,Ri Rock Festival\
39,2,344,1.0,0.982,1,Ri Rock Festival\
17,2,344,1.0,0.337,1,Ri Rock Festival\
1,2,344,1.0,0.038,1,Ri Rock Festival\
6,2,344,1.0,1.0,1,Ri Rock Festival\
10,2,344,1.0,0.241,1,Ri Rock Festival\
45,3,345,0.0,0.982,1,Ri Rock Festival\
11,3,345,0.0,0.337,1,Ri Rock Festival\
57,3,345,0.0,1.0,1,Ri Rock Festival\
3,3,345,0.0,0.241,1,Ri Rock Festival\
2,3,345,0.0,0.011,1,Ri Rock Festival\
1,3,345,0.0,0.002,1,Ri Rock Festival\
28,4,346,0.0,0.982,2,Ri Rock Festival\European Short Course Swimming Championships\
85,4,346,0.0,1.0,2,Ri Rock Festival\European Short Course Swimming Championships\
3,4,346,0.0,0.241,2,Ri Rock Festival\European Short Course Swimming Championships\
1,4,346,0.0,0.011,2,Ri Rock Festival\European Short Course Swimming Championships\
25,5,347,0.0,0.982,2,Ri Rock Festival\European Short Course Swimming Championships\
1,5,347,0.0,0.337,2,Ri Rock Festival\European Short Course Swimming Championships\
1,5,347,0.0,0.038,2,Ri Rock Festival\European Short Course Swimming Championships\
85,5,347,0.0,1.0,2,Ri Rock Festival\European Short Course Swimming Championships\
3,5,347,0.0,0.241,2,Ri Rock Festival\European Short Course Swimming Championships\
1,5,347,0.0,0.011,2,Ri Rock Festival\European Short Course Swimming Championships\
23,6,348,0.0,0.982,2,Ri Rock Festival\European Short Course Swimming Championships\
1,6,348,0.0,0.337,2,Ri Rock Festival\European Short Course Swimming Championships\
1,6,348,0.0,0.038,2,Ri Rock Festival\European Short Course Swimming Championships\
88,6,348,0.0,1.0,2,Ri Rock Festival\European Short Course Swimming Championships\
2,6,348,0.0,0.241,2,Ri Rock Festival\European Short Course Swimming Championships\
12,7,349,0.0,0.982,1,European Short Course Swimming Championships\
1,7,349,0.0,0.337,1,European Short Course Swimming Championships\
86,7,349,0.0,1.0,1,European Short Course Swimming Championships\
2,7,349,0.0,0.241,1,European Short Course Swimming Championships\
17,1,350,0.0,0.982,0,
2,1,350,0.0,0.337,0,
88,1,350,0.0,1.0,0,
3,1,350,0.0,0.241,0,
40,2,351,0.0,0.982,0,
15,2,351,0.0,0.337,0,
4,2,351,0.0,0.038,0,
5,2,351,0.0,1.0,0,
2,2,351,0.0,0.241,0,
54,3,352,0.0,0.982,0,
10,3,352,0.0,0.337,0,
2,3,352,0.0,0.038,0,
5,3,352,0.0,1.0,0,
1,3,352,0.0,0.241,0,
32,4,353,0.0,0.982,0,
12,4,353,0.0,0.337,0,
2,4,353,0.0,0.038,0,
2,4,353,0.0,1.0,0,
2,4,353,0.0,0.241,0,
29,5,354,0.0,0.982,0,
10,5,354,0.0,0.337,0,
3,5,354,0.0,0.038,0,
2,5,354,0.0,1.0,0,
1,5,354,0.0,0.241,0,
2,5,354,0.0,0.011,0,
12,6,355,1.0,0.982,0,
1,6,355,1.0,0.337,0,
6,6,355,1.0,1.0,0,
2,6,355,1.0,0.241,0,
4,7,356,1.0,0.982,0,
2,7,356,1.0,0.337,0,
1,7,356,1.0,0.038,0,
1,7,356,1.0,1.0,0,
3,7,356,1.0,0.241,0,
9,1,357,1.0,0.982,0,
2,1,357,1.0,0.337,0,
4,1,357,1.0,1.0,0,
1,1,357,1.0,0.241,0,
10,2,358,1.0,0.982,0,
6,2,358,1.0,0.337,0,
2,2,358,1.0,1.0,0,
2,2,358,1.0,0.241,0,
1,3,359,1.0,0.337,0,
2,3,359,1.0,0.038,0,
2,3,359,1.0,0.241,0,
1,4,360,0.0,0.038,1,Bozic\
1,4,360,0.0,1.0,1,Bozic\
1,4,360,0.0,0.241,1,Bozic\
1,5,361,0.5,0.337,1,Bozic\
2,5,361,0.5,0.038,1,Bozic\
3,5,361,0.5,0.241,1,Bozic\
1,6,362,0.5,0.337,0,
1,6,362,0.5,0.038,0,
1,6,362,0.5,1.0,0,
1,6,362,0.5,0.241,0,
1,7,363,0.5,0.337,0,
2,7,363,0.5,1.0,0,
1,7,363,0.5,0.241,0,
3,1,364,1.0,0.982,0,
2,1,364,1.0,0.337,0,
4,1,364,1.0,1.0,0,
2,1,364,1.0,0.241,0,
1,2,365,1.0,0.982,0,
3,2,365,1.0,0.337,0,
6,2,365,1.0,1.0,0,
4,2,365,1.0,0.241,0,
1,3,366,1.0,0.982,0,
2,3,366,1.0,0.337,0,
43,3,366,1.0,1.0,0,
8,3,366,1.0,0.241,0,
4,4,1,0.5,0.337,0,
72,4,1,0.5,1.0,0,
11,4,1,0.5,0.241,0,
2,4,1,0.5,0.011,0,
3,5,2,0.5,0.337,0,
43,5,2,0.5,1.0,0,
5,5,2,0.5,0.241,0,
1,5,2,0.5,0.011,0,
3,6,3,0.5,0.337,0,
1,6,3,0.5,0.038,0,
33,6,3,0.5,1.0,0,
7,6,3,0.5,0.241,0,
1,7,4,0.5,0.982,0,
1,7,4,0.5,0.337,0,
3,7,4,0.5,0.038,0,
4,7,4,0.5,1.0,0,
5,7,4,0.5,0.241,0,
3,1,5,1.0,0.982,0,
2,1,5,1.0,0.337,0,
2,1,5,1.0,0.038,0,
3,1,5,1.0,1.0,0,
1,1,5,1.0,0.241,0,
2,2,6,1.0,0.982,1,Bogojavljenje\
2,2,6,1.0,0.337,1,Bogojavljenje\
3,2,6,1.0,1.0,1,Bogojavljenje\
3,2,6,1.0,0.241,1,Bogojavljenje\
6,3,7,0.0,0.982,1,Bogojavljenje\
5,3,7,0.0,0.337,1,Bogojavljenje\
4,3,7,0.0,1.0,1,Bogojavljenje\
14,4,8,0.5,0.982,0,
3,4,8,0.5,0.337,0,
6,4,8,0.5,1.0,0,
1,4,8,0.5,0.241,0,
19,5,9,1.0,0.982,0,
7,5,9,1.0,0.337,0,
4,5,9,1.0,1.0,0,
2,5,9,1.0,0.241,0,
10,6,10,1.0,0.982,0,
2,6,10,1.0,0.337,0,
8,6,10,1.0,1.0,0,
2,6,10,1.0,0.241,0,
13,7,11,1.0,0.982,0,
3,7,11,1.0,0.337,0,
3,7,11,1.0,1.0,0,
3,7,11,1.0,0.241,0,
14,1,12,1.0,0.982,0,
3,1,12,1.0,0.337,0,
4,1,12,1.0,1.0,0,
3,1,12,1.0,0.241,0,
23,2,13,1.0,0.982,0,
6,2,13,1.0,0.337,0,
2,2,13,1.0,0.038,0,
7,2,13,1.0,1.0,0,
10,2,13,1.0,0.241,0,
24,3,14,0.0,0.982,0,
4,3,14,0.0,0.337,0,
1,3,14,0.0,0.038,0,
7,3,14,0.0,1.0,0,
8,3,14,0.0,0.241,0,
22,4,15,0.0,0.982,0,
11,4,15,0.0,0.337,0,
1,4,15,0.0,0.038,0,
5,4,15,0.0,1.0,0,
8,4,15,0.0,0.241,0,
1,4,15,0.0,0.011,0,
27,5,16,1.0,0.982,0,
7,5,16,1.0,0.337,0,
10,5,16,1.0,1.0,0,
4,5,16,1.0,0.241,0,
12,6,17,1.0,0.982,1,Rijecki karneval\
2,6,17,1.0,0.337,1,Rijecki karneval\
18,6,17,1.0,1.0,1,Rijecki karneval\
5,6,17,1.0,0.241,1,Rijecki karneval\
9,7,18,0.0,0.982,1,Rijecki karneval\
2,7,18,0.0,0.337,1,Rijecki karneval\
1,7,18,0.0,0.038,1,Rijecki karneval\
4,7,18,0.0,1.0,1,Rijecki karneval\
2,7,18,0.0,0.241,1,Rijecki karneval\
17,1,19,0.0,0.982,1,Rijecki karneval\
2,1,19,0.0,0.337,1,Rijecki karneval\
3,1,19,0.0,0.038,1,Rijecki karneval\
8,1,19,0.0,1.0,1,Rijecki karneval\
3,1,19,0.0,0.241,1,Rijecki karneval\
46,2,20,0.0,0.982,1,Rijecki karneval\
11,2,20,0.0,0.337,1,Rijecki karneval\
2,2,20,0.0,1.0,1,Rijecki karneval\
4,2,20,0.0,0.241,1,Rijecki karneval\
61,3,21,0.0,0.982,1,Rijecki karneval\
11,3,21,0.0,0.337,1,Rijecki karneval\
2,3,21,0.0,1.0,1,Rijecki karneval\
6,3,21,0.0,0.241,1,Rijecki karneval\
50,4,22,0.0,0.982,1,Rijecki karneval\
8,4,22,0.0,0.337,1,Rijecki karneval\
4,4,22,0.0,1.0,1,Rijecki karneval\
6,4,22,0.0,0.241,1,Rijecki karneval\
39,5,23,1.0,0.982,1,Rijecki karneval\
7,5,23,1.0,0.337,1,Rijecki karneval\
2,5,23,1.0,1.0,1,Rijecki karneval\
10,5,23,1.0,0.241,1,Rijecki karneval\
16,6,24,0.0,0.982,1,Rijecki karneval\
3,6,24,0.0,0.337,1,Rijecki karneval\
5,6,24,0.0,1.0,1,Rijecki karneval\
12,6,24,0.0,0.241,1,Rijecki karneval\
40,7,25,0.0,0.982,1,Rijecki karneval\
1,7,25,0.0,0.337,1,Rijecki karneval\
7,7,25,0.0,1.0,1,Rijecki karneval\
15,7,25,0.0,0.241,1,Rijecki karneval\
23,1,26,1.0,0.982,1,Rijecki karneval\
1,1,26,1.0,0.337,1,Rijecki karneval\
4,1,26,1.0,1.0,1,Rijecki karneval\
2,1,26,1.0,0.241,1,Rijecki karneval\
53,2,27,0.0,0.982,1,Rijecki karneval\
3,2,27,0.0,0.337,1,Rijecki karneval\
7,2,27,0.0,1.0,1,Rijecki karneval\
3,2,27,0.0,0.241,1,Rijecki karneval\
34,3,28,0.0,0.982,1,Rijecki karneval\
12,3,28,0.0,0.337,1,Rijecki karneval\
9,3,28,0.0,1.0,1,Rijecki karneval\
4,3,28,0.0,0.241,1,Rijecki karneval\
25,4,29,0.0,0.982,1,Rijecki karneval\
11,4,29,0.0,0.337,1,Rijecki karneval\
8,4,29,0.0,1.0,1,Rijecki karneval\
4,4,29,0.0,0.241,1,Rijecki karneval\
30,5,30,1.0,0.982,1,Rijecki karneval\
5,5,30,1.0,0.337,1,Rijecki karneval\
9,5,30,1.0,1.0,1,Rijecki karneval\
3,5,30,1.0,0.241,1,Rijecki karneval\
10,6,31,1.0,0.982,1,Rijecki karneval\
8,6,31,1.0,0.337,1,Rijecki karneval\
7,6,31,1.0,1.0,1,Rijecki karneval\
1,6,31,1.0,0.241,1,Rijecki karneval\
10,7,32,0.5,0.982,1,Rijecki karneval\
2,7,32,0.5,0.337,1,Rijecki karneval\
11,7,32,0.5,1.0,1,Rijecki karneval\
3,7,32,0.5,0.241,1,Rijecki karneval\
1,1,33,0.5,0.982,1,Rijecki karneval\
4,1,33,0.5,0.337,1,Rijecki karneval\
10,1,33,0.5,1.0,1,Rijecki karneval\
2,1,33,0.5,0.241,1,Rijecki karneval\
39,2,34,0.0,0.982,1,Rijecki karneval\
4,2,34,0.0,0.337,1,Rijecki karneval\
10,2,34,0.0,1.0,1,Rijecki karneval\
2,2,34,0.0,0.241,1,Rijecki karneval\
1,2,34,0.0,0.011,1,Rijecki karneval\
31,3,35,0.0,0.982,1,Rijecki karneval\
12,3,35,0.0,0.337,1,Rijecki karneval\
22,3,35,0.0,1.0,1,Rijecki karneval\
9,3,35,0.0,0.241,1,Rijecki karneval\
35,4,36,0.0,0.982,1,Rijecki karneval\
8,4,36,0.0,0.337,1,Rijecki karneval\
9,4,36,0.0,1.0,1,Rijecki karneval\
1,4,36,0.0,0.241,1,Rijecki karneval\
28,5,37,0.0,0.982,1,Rijecki karneval\
10,5,37,0.0,0.337,1,Rijecki karneval\
3,5,37,0.0,0.038,1,Rijecki karneval\
8,5,37,0.0,1.0,1,Rijecki karneval\
2,5,37,0.0,0.241,1,Rijecki karneval\
10,6,38,0.0,0.982,1,Rijecki karneval\
4,6,38,0.0,0.337,1,Rijecki karneval\
6,6,38,0.0,1.0,1,Rijecki karneval\
3,6,38,0.0,0.241,1,Rijecki karneval\
6,7,39,0.0,0.982,1,Rijecki karneval\
8,7,39,0.0,0.337,1,Rijecki karneval\
1,7,39,0.0,0.038,1,Rijecki karneval\
5,7,39,0.0,1.0,1,Rijecki karneval\
8,7,39,0.0,0.241,1,Rijecki karneval\
4,1,40,1.0,0.982,1,Rijecki karneval\
2,1,40,1.0,0.337,1,Rijecki karneval\
2,1,40,1.0,1.0,1,Rijecki karneval\
2,1,40,1.0,0.241,1,Rijecki karneval\
30,2,41,0.0,0.982,1,Rijecki karneval\
4,2,41,0.0,0.337,1,Rijecki karneval\
1,2,41,0.0,0.038,1,Rijecki karneval\
6,2,41,0.0,1.0,1,Rijecki karneval\
4,2,41,0.0,0.241,1,Rijecki karneval\
40,3,42,0.0,0.982,1,Rijecki karneval\
7,3,42,0.0,0.337,1,Rijecki karneval\
7,3,42,0.0,1.0,1,Rijecki karneval\
3,3,42,0.0,0.241,1,Rijecki karneval\
42,4,43,1.0,0.982,1,Rijecki karneval\
17,4,43,1.0,0.337,1,Rijecki karneval\
1,4,43,1.0,0.038,1,Rijecki karneval\
37,4,43,1.0,1.0,1,Rijecki karneval\
6,4,43,1.0,0.241,1,Rijecki karneval\
37,5,44,1.0,0.982,1,Rijecki karneval\
7,5,44,1.0,0.337,1,Rijecki karneval\
1,5,44,1.0,0.038,1,Rijecki karneval\
34,5,44,1.0,1.0,1,Rijecki karneval\
3,5,44,1.0,0.241,1,Rijecki karneval\
23,6,45,1.0,0.982,1,Rijecki karneval\
2,6,45,1.0,0.337,1,Rijecki karneval\
31,6,45,1.0,1.0,1,Rijecki karneval\
7,6,45,1.0,0.241,1,Rijecki karneval\
1,6,45,1.0,0.011,1,Rijecki karneval\
16,7,46,1.0,0.982,1,Rijecki karneval\
1,7,46,1.0,0.337,1,Rijecki karneval\
1,7,46,1.0,0.038,1,Rijecki karneval\
10,7,46,1.0,1.0,1,Rijecki karneval\
7,7,46,1.0,0.241,1,Rijecki karneval\
1,7,46,1.0,0.011,1,Rijecki karneval\
24,1,47,1.0,0.982,1,Rijecki karneval\
2,1,47,1.0,0.337,1,Rijecki karneval\
4,1,47,1.0,1.0,1,Rijecki karneval\
2,1,47,1.0,0.241,1,Rijecki karneval\
42,2,48,1.0,0.982,1,Rijecki karneval\
10,2,48,1.0,0.337,1,Rijecki karneval\
3,2,48,1.0,0.038,1,Rijecki karneval\
6,2,48,1.0,1.0,1,Rijecki karneval\
6,2,48,1.0,0.241,1,Rijecki karneval\
48,3,49,0.5,0.982,1,Rijecki karneval\
14,3,49,0.5,0.337,1,Rijecki karneval\
5,3,49,0.5,1.0,1,Rijecki karneval\
3,3,49,0.5,0.241,1,Rijecki karneval\
47,4,50,1.0,0.982,1,Rijecki karneval\
12,4,50,1.0,0.337,1,Rijecki karneval\
5,4,50,1.0,1.0,1,Rijecki karneval\
5,4,50,1.0,0.241,1,Rijecki karneval\
25,5,51,1.0,0.982,1,Rijecki karneval\
2,5,51,1.0,0.337,1,Rijecki karneval\
1,5,51,1.0,0.038,1,Rijecki karneval\
7,5,51,1.0,1.0,1,Rijecki karneval\
1,5,51,1.0,0.241,1,Rijecki karneval\
2,5,51,1.0,0.011,1,Rijecki karneval\
17,6,52,1.0,0.982,1,Rijecki karneval\
1,6,52,1.0,0.038,1,Rijecki karneval\
11,6,52,1.0,1.0,1,Rijecki karneval\
4,6,52,1.0,0.241,1,Rijecki karneval\
7,7,53,1.0,0.982,1,Rijecki karneval\
5,7,53,1.0,0.337,1,Rijecki karneval\
70,7,53,1.0,1.0,1,Rijecki karneval\
4,7,53,1.0,0.241,1,Rijecki karneval\
1,7,53,1.0,0.011,1,Rijecki karneval\
13,1,54,1.0,0.982,1,Rijecki karneval\
1,1,54,1.0,0.337,1,Rijecki karneval\
3,1,54,1.0,1.0,1,Rijecki karneval\
2,1,54,1.0,0.241,1,Rijecki karneval\
3,1,54,1.0,0.011,1,Rijecki karneval\
31,2,55,0.0,0.982,1,Rijecki karneval\
3,2,55,0.0,0.337,1,Rijecki karneval\
1,2,55,0.0,0.038,1,Rijecki karneval\
2,2,55,0.0,1.0,1,Rijecki karneval\
3,2,55,0.0,0.241,1,Rijecki karneval\
32,3,56,1.0,0.982,0,
5,3,56,1.0,0.337,0,
4,3,56,1.0,1.0,0,
2,3,56,1.0,0.241,0,
35,4,57,1.0,0.982,0,
17,4,57,1.0,0.337,0,
5,4,57,1.0,1.0,0,
8,4,57,1.0,0.241,0,
39,5,58,1.0,0.982,0,
2,5,58,1.0,0.337,0,
2,5,58,1.0,1.0,0,
3,5,58,1.0,0.241,0,
20,6,59,1.0,0.982,0,
1,6,59,1.0,0.337,0,
4,6,59,1.0,0.038,0,
2,6,59,1.0,1.0,0,
4,6,59,1.0,0.241,0,
8,7,60,1.0,0.982,0,
1,7,60,1.0,0.337,0,
3,7,60,1.0,0.038,0,
3,7,60,1.0,1.0,0,
4,7,60,1.0,0.241,0,
10,1,61,0.0,0.982,0,
8,1,61,0.0,0.337,0,
1,1,61,0.0,0.038,0,
2,1,61,0.0,1.0,0,
1,1,61,0.0,0.241,0,
43,2,62,0.0,0.982,0,
8,2,62,0.0,0.337,0,
1,2,62,0.0,0.038,0,
4,2,62,0.0,1.0,0,
2,2,62,0.0,0.241,0,
1,2,62,0.0,0.011,0,
50,3,63,0.0,0.982,0,
10,3,63,0.0,0.337,0,
7,3,63,0.0,1.0,0,
4,3,63,0.0,0.241,0,
52,4,64,0.0,0.982,0,
4,4,64,0.0,0.337,0,
5,4,64,0.0,1.0,0,
3,4,64,0.0,0.241,0,
38,5,65,0.0,0.982,0,
1,5,65,0.0,0.337,0,
11,5,65,0.0,1.0,0,
4,5,65,0.0,0.241,0,
18,6,66,0.0,0.982,0,
2,6,66,0.0,0.337,0,
6,6,66,0.0,1.0,0,
4,6,66,0.0,0.241,0,
20,7,67,1.0,0.982,0,
3,7,67,1.0,0.337,0,
6,7,67,1.0,1.0,0,
4,7,67,1.0,0.241,0,
18,1,68,0.0,0.982,0,
1,1,68,0.0,0.337,0,
15,1,68,0.0,1.0,0,
43,2,69,0.0,0.982,0,
1,2,69,0.0,0.337,0,
1,2,69,0.0,0.038,0,
4,2,69,0.0,1.0,0,
38,3,70,0.0,0.982,0,
1,3,70,0.0,0.337,0,
1,3,70,0.0,0.038,0,
12,3,70,0.0,1.0,0,
1,3,70,0.0,0.241,0,
56,4,71,1.0,0.982,0,
2,4,71,1.0,0.337,0,
7,4,71,1.0,1.0,0,
2,4,71,1.0,0.241,0,
51,5,72,1.0,0.982,0,
2,5,72,1.0,0.337,0,
3,5,72,1.0,0.038,0,
12,5,72,1.0,1.0,0,
2,5,72,1.0,0.241,0,
1,5,72,1.0,0.011,0,
1,5,72,1.0,0.002,0,
21,6,73,1.0,0.982,0,
5,6,73,1.0,0.337,0,
2,6,73,1.0,0.038,0,
14,6,73,1.0,1.0,0,
6,6,73,1.0,0.241,0,
2,6,73,1.0,0.011,0,
17,7,74,1.0,0.982,0,
1,7,74,1.0,0.337,0,
10,7,74,1.0,1.0,0,
4,7,74,1.0,0.241,0,
1,7,74,1.0,0.011,0,
15,1,75,0.0,0.982,0,
3,1,75,0.0,0.337,0,
10,1,75,0.0,1.0,0,
1,1,75,0.0,0.241,0,
26,2,76,1.0,0.982,0,
3,2,76,1.0,0.337,0,
7,2,76,1.0,1.0,0,
3,2,76,1.0,0.241,0,
1,2,76,1.0,0.011,0,
33,3,77,1.0,0.982,0,
5,3,77,1.0,0.337,0,
3,3,77,1.0,0.038,0,
7,3,77,1.0,1.0,0,
2,3,77,1.0,0.241,0,
43,4,78,0.0,0.982,0,
9,4,78,0.0,0.337,0,
2,4,78,0.0,0.038,0,
7,4,78,0.0,1.0,0,
6,4,78,0.0,0.241,0,
38,5,79,0.0,0.982,0,
9,5,79,0.0,0.337,0,
7,5,79,0.0,1.0,0,
3,5,79,0.0,0.241,0,
18,6,80,0.0,0.982,0,
2,6,80,0.0,0.337,0,
10,6,80,0.0,1.0,0,
5,6,80,0.0,0.241,0,
11,7,81,1.0,0.982,0,
1,7,81,1.0,0.337,0,
1,7,81,1.0,0.038,0,
8,7,81,1.0,1.0,0,
7,7,81,1.0,0.241,0,
17,1,82,1.0,0.982,0,
5,1,82,1.0,0.337,0,
5,1,82,1.0,1.0,0,
2,1,82,1.0,0.241,0,
41,2,83,0.0,0.982,0,
4,2,83,0.0,0.337,0,
11,2,83,0.0,1.0,0,
3,2,83,0.0,0.241,0,
49,3,84,0.0,0.982,0,
6,3,84,0.0,0.337,0,
1,3,84,0.0,0.038,0,
9,3,84,0.0,1.0,0,
47,4,85,1.0,0.982,0,
5,4,85,1.0,0.337,0,
7,4,85,1.0,1.0,0,
3,4,85,1.0,0.241,0,
41,5,86,0.0,0.982,0,
1,5,86,0.0,0.337,0,
1,5,86,0.0,0.038,0,
9,5,86,0.0,1.0,0,
2,5,86,0.0,0.241,0,
29,6,87,0.0,0.982,0,
6,6,87,0.0,1.0,0,
3,6,87,0.0,0.241,0,
14,7,88,0.0,0.982,0,
1,7,88,0.0,0.337,0,
6,7,88,0.0,1.0,0,
2,7,88,0.0,0.241,0,
14,1,89,0.0,0.982,0,
1,1,89,0.0,0.337,0,
4,1,89,0.0,1.0,0,
2,1,89,0.0,0.241,0,
24,2,90,0.0,0.982,0,
2,2,90,0.0,0.337,0,
3,2,90,0.0,1.0,0,
1,2,90,0.0,0.241,0,
1,2,90,0.0,0.002,0,
25,3,91,0.0,0.982,0,
4,3,91,0.0,0.337,0,
41,3,91,0.0,1.0,0,
7,3,91,0.0,0.241,0,
38,4,92,0.0,0.982,0,
7,4,92,0.0,0.337,0,
2,4,92,0.0,0.038,0,
45,4,92,0.0,1.0,0,
9,4,92,0.0,0.241,0,
30,5,93,0.0,0.982,0,
8,5,93,0.0,0.337,0,
47,5,93,0.0,1.0,0,
6,5,93,0.0,0.241,0,
11,6,94,0.0,0.982,0,
6,6,94,0.0,0.337,0,
2,6,94,0.0,0.038,0,
4,6,94,0.0,1.0,0,
4,6,94,0.0,0.241,0,
12,7,95,0.0,0.982,0,
7,7,95,0.0,0.337,0,
2,7,95,0.0,0.038,0,
6,7,95,0.0,1.0,0,
1,7,95,0.0,0.241,0,
10,1,96,1.0,0.982,0,
10,1,96,1.0,0.337,0,
2,1,96,1.0,0.038,0,
14,1,96,1.0,1.0,0,
32,2,97,1.0,0.982,0,
10,2,97,1.0,0.337,0,
2,2,97,1.0,0.038,0,
18,2,97,1.0,1.0,0,
3,2,97,1.0,0.241,0,
42,3,98,1.0,0.982,0,
9,3,98,1.0,0.337,0,
2,3,98,1.0,0.038,0,
8,3,98,1.0,1.0,0,
3,3,98,1.0,0.241,0,
51,4,99,1.0,0.982,0,
12,4,99,1.0,0.337,0,
3,4,99,1.0,0.038,0,
6,4,99,1.0,1.0,0,
4,4,99,1.0,0.241,0,
17,5,100,1.0,0.982,0,
9,5,100,1.0,0.337,0,
1,5,100,1.0,0.038,0,
27,5,100,1.0,1.0,0,
7,5,100,1.0,0.241,0,
7,6,101,1.0,0.982,0,
2,6,101,1.0,0.337,0,
2,6,101,1.0,0.038,0,
28,6,101,1.0,1.0,0,
8,6,101,1.0,0.241,0,
5,7,102,1.0,0.982,1,Uskrs\
1,7,102,1.0,0.337,1,Uskrs\
2,7,102,1.0,0.038,1,Uskrs\
29,7,102,1.0,1.0,1,Uskrs\
7,7,102,1.0,0.241,1,Uskrs\
4,1,103,1.0,0.982,1,Uskrs\
2,1,103,1.0,0.038,1,Uskrs\
32,1,103,1.0,1.0,1,Uskrs\
5,1,103,1.0,0.241,1,Uskrs\
9,2,104,0.0,0.982,1,Uskrs\
1,2,104,0.0,0.337,1,Uskrs\
8,2,104,0.0,1.0,1,Uskrs\
4,2,104,0.0,0.241,1,Uskrs\
25,3,105,1.0,0.982,0,
6,3,105,1.0,0.337,0,
1,3,105,1.0,0.038,0,
15,3,105,1.0,1.0,0,
2,3,105,1.0,0.241,0,
26,4,106,1.0,0.982,0,
16,4,106,1.0,0.337,0,
2,4,106,1.0,0.038,0,
15,4,106,1.0,1.0,0,
1,4,106,1.0,0.241,0,
35,5,107,0.0,0.982,0,
30,5,107,0.0,0.337,0,
12,5,107,0.0,1.0,0,
7,5,107,0.0,0.241,0,
2,5,107,0.0,0.002,0,
25,6,108,0.0,0.982,0,
10,6,108,0.0,0.337,0,
12,6,108,0.0,1.0,0,
20,7,109,0.0,0.982,0,
7,7,109,0.0,0.337,0,
1,7,109,0.0,0.038,0,
2,7,109,0.0,1.0,0,
2,7,109,0.0,0.241,0,
11,1,110,0.0,0.982,0,
5,1,110,0.0,0.337,0,
18,1,110,0.0,1.0,0,
3,1,110,0.0,0.241,0,
1,1,110,0.0,0.011,0,
30,2,111,0.0,0.982,0,
14,2,111,0.0,0.337,0,
1,2,111,0.0,0.038,0,
33,2,111,0.0,1.0,0,
1,2,111,0.0,0.241,0,
38,3,112,0.0,0.982,0,
26,3,112,0.0,0.337,0,
1,3,112,0.0,0.038,0,
10,3,112,0.0,1.0,0,
7,3,112,0.0,0.241,0,
45,4,113,0.0,0.982,0,
30,4,113,0.0,0.337,0,
4,4,113,0.0,1.0,0,
8,4,113,0.0,0.241,0,
3,4,113,0.0,0.011,0,
43,5,114,0.0,0.982,0,
21,5,114,0.0,0.337,0,
1,5,114,0.0,0.038,0,
6,5,114,0.0,1.0,0,
7,5,114,0.0,0.241,0,
3,5,114,0.0,0.011,0,
22,6,115,1.0,0.982,0,
3,6,115,1.0,0.337,0,
1,6,115,1.0,0.038,0,
26,6,115,1.0,1.0,0,
4,6,115,1.0,0.241,0,
2,6,115,1.0,0.011,0,
18,7,116,1.0,0.982,0,
4,7,116,1.0,0.337,0,
2,7,116,1.0,0.038,0,
26,7,116,1.0,1.0,0,
8,7,116,1.0,0.241,0,
2,7,116,1.0,0.011,0,
34,1,117,0.0,0.982,0,
8,1,117,0.0,0.337,0,
1,1,117,0.0,0.038,0,
17,1,117,0.0,1.0,0,
3,1,117,0.0,0.241,0,
43,2,118,0.0,0.982,0,
18,2,118,0.0,0.337,0,
38,2,118,0.0,1.0,0,
3,2,118,0.0,0.241,0,
58,3,119,0.0,0.982,0,
20,3,119,0.0,0.337,0,
5,3,119,0.0,1.0,0,
7,3,119,0.0,0.241,0,
2,3,119,0.0,0.011,0,
54,4,120,0.0,0.982,0,
12,4,120,0.0,0.337,0,
8,4,120,0.0,1.0,0,
10,4,120,0.0,0.241,0,
27,5,121,0.0,0.982,1,Praznik rada\
9,5,121,0.0,0.337,1,Praznik rada\
4,5,121,0.0,1.0,1,Praznik rada\
8,5,121,0.0,0.241,1,Praznik rada\
12,6,122,0.0,0.982,1,Praznik rada\
4,6,122,0.0,0.337,1,Praznik rada\
1,6,122,0.0,0.038,1,Praznik rada\
18,6,122,0.0,1.0,1,Praznik rada\
7,6,122,0.0,0.241,1,Praznik rada\
12,7,123,0.0,0.982,0,
10,7,123,0.0,0.337,0,
2,7,123,0.0,0.038,0,
6,7,123,0.0,1.0,0,
10,7,123,0.0,0.241,0,
11,1,124,0.0,0.982,0,
3,1,124,0.0,0.337,0,
22,1,124,0.0,1.0,0,
5,1,124,0.0,0.241,0,
20,2,125,0.0,0.982,0,
11,2,125,0.0,0.337,0,
2,2,125,0.0,0.038,0,
33,2,125,0.0,1.0,0,
10,2,125,0.0,0.241,0,
26,3,126,1.0,0.982,0,
30,3,126,1.0,0.337,0,
2,3,126,1.0,0.038,0,
21,3,126,1.0,1.0,0,
10,3,126,1.0,0.241,0,
28,4,127,1.0,0.982,0,
37,4,127,1.0,0.337,0,
1,4,127,1.0,0.038,0,
18,4,127,1.0,1.0,0,
9,4,127,1.0,0.241,0,
2,4,127,1.0,0.002,0,
35,5,128,1.0,0.982,0,
38,5,128,1.0,0.337,0,
1,5,128,1.0,0.038,0,
25,5,128,1.0,1.0,0,
2,5,128,1.0,0.241,0,
10,6,129,1.0,0.982,0,
25,6,129,1.0,0.337,0,
1,6,129,1.0,0.038,0,
36,6,129,1.0,1.0,0,
1,6,129,1.0,0.241,0,
9,7,130,1.0,0.982,0,
12,7,130,1.0,0.337,0,
4,7,130,1.0,0.038,0,
19,7,130,1.0,1.0,0,
4,7,130,1.0,0.241,0,
1,7,130,1.0,0.011,0,
9,1,131,1.0,0.982,1,Jazz Time Festival\
6,1,131,1.0,0.337,1,Jazz Time Festival\
47,1,131,1.0,1.0,1,Jazz Time Festival\
3,1,131,1.0,0.241,1,Jazz Time Festival\
22,2,132,1.0,0.982,1,Jazz Time Festival\
9,2,132,1.0,0.337,1,Jazz Time Festival\
47,2,132,1.0,1.0,1,Jazz Time Festival\
5,2,132,1.0,0.241,1,Jazz Time Festival\
1,2,132,1.0,0.011,1,Jazz Time Festival\
35,3,133,1.0,0.982,1,Jazz Time Festival\
20,3,133,1.0,0.337,1,Jazz Time Festival\
2,3,133,1.0,0.038,1,Jazz Time Festival\
14,3,133,1.0,1.0,1,Jazz Time Festival\
3,3,133,1.0,0.241,1,Jazz Time Festival\
33,4,134,1.0,0.982,1,Jazz Time Festival\
22,4,134,1.0,0.337,1,Jazz Time Festival\
37,4,134,1.0,1.0,1,Jazz Time Festival\
3,4,134,1.0,0.241,1,Jazz Time Festival\
1,4,134,1.0,0.011,1,Jazz Time Festival\
37,5,135,0.0,0.982,1,Jazz Time Festival\
16,5,135,0.0,0.337,1,Jazz Time Festival\
2,5,135,0.0,1.0,1,Jazz Time Festival\
10,5,135,0.0,0.241,1,Jazz Time Festival\
26,6,136,0.0,0.982,1,Jazz Time Festival\
5,6,136,0.0,0.337,1,Jazz Time Festival\
66,6,136,0.0,1.0,1,Jazz Time Festival\
4,6,136,0.0,0.241,1,Jazz Time Festival\
13,7,137,1.0,0.982,0,
7,7,137,1.0,0.337,0,
2,7,137,1.0,0.038,0,
5,7,137,1.0,1.0,0,
6,7,137,1.0,0.241,0,
12,1,138,0.0,0.982,0,
5,1,138,0.0,0.337,0,
29,1,138,0.0,1.0,0,
26,2,139,0.0,0.982,0,
2,2,139,0.0,0.337,0,
85,2,139,0.0,1.0,0,
4,2,139,0.0,0.241,0,
1,2,139,0.0,0.011,0,
38,3,140,0.0,0.982,0,
5,3,140,0.0,0.337,0,
3,3,140,0.0,1.0,0,
6,3,140,0.0,0.241,0,
1,3,140,0.0,0.011,0,
34,4,141,1.0,0.982,0,
10,4,141,1.0,0.337,0,
34,4,141,1.0,1.0,0,
4,4,141,1.0,0.241,0,
1,4,141,1.0,0.011,0,
26,5,142,1.0,0.982,1,Waterpolo Europe League Final Four Tournament\
5,5,142,1.0,0.337,1,Waterpolo Europe League Final Four Tournament\
1,5,142,1.0,0.038,1,Waterpolo Europe League Final Four Tournament\
82,5,142,1.0,1.0,1,Waterpolo Europe League Final Four Tournament\
5,5,142,1.0,0.241,1,Waterpolo Europe League Final Four Tournament\
1,5,142,1.0,0.011,1,Waterpolo Europe League Final Four Tournament\
1,5,142,1.0,0.002,1,Waterpolo Europe League Final Four Tournament\
14,6,143,1.0,0.982,1,Waterpolo Europe League Final Four Tournament\
1,6,143,1.0,0.337,1,Waterpolo Europe League Final Four Tournament\
2,6,143,1.0,0.038,1,Waterpolo Europe League Final Four Tournament\
99,6,143,1.0,1.0,1,Waterpolo Europe League Final Four Tournament\
4,6,143,1.0,0.241,1,Waterpolo Europe League Final Four Tournament\
1,6,143,1.0,0.011,1,Waterpolo Europe League Final Four Tournament\
1,6,143,1.0,0.002,1,Waterpolo Europe League Final Four Tournament\
11,7,144,1.0,0.982,0,
4,7,144,1.0,0.337,0,
1,7,144,1.0,0.038,0,
89,7,144,1.0,1.0,0,
8,7,144,1.0,0.241,0,
1,7,144,1.0,0.011,0,
1,7,144,1.0,0.002,0,
13,1,145,0.0,0.982,0,
3,1,145,0.0,0.337,0,
7,1,145,0.0,1.0,0,
1,1,145,0.0,0.241,0,
21,2,146,0.0,0.982,0,
7,2,146,0.0,0.337,0,
36,2,146,0.0,1.0,0,
3,2,146,0.0,0.241,0,
34,3,147,0.0,0.982,0,
13,3,147,0.0,0.337,0,
1,3,147,0.0,0.038,0,
2,3,147,0.0,1.0,0,
4,3,147,0.0,0.241,0,
38,4,148,0.0,0.982,0,
28,4,148,0.0,0.337,0,
1,4,148,0.0,0.038,0,
25,4,148,0.0,1.0,0,
2,4,148,0.0,0.241,0,
39,5,149,0.0,0.982,0,
23,5,149,0.0,0.337,0,
2,5,149,0.0,0.038,0,
4,5,149,0.0,1.0,0,
2,5,149,0.0,0.241,0,
16,6,150,1.0,0.982,1,Dan drzavnosti\
3,6,150,1.0,0.337,1,Dan drzavnosti\
3,6,150,1.0,0.038,1,Dan drzavnosti\
24,6,150,1.0,1.0,1,Dan drzavnosti\
6,6,150,1.0,0.241,1,Dan drzavnosti\
12,7,151,0.0,0.982,1,Dan drzavnosti\
4,7,151,0.0,0.337,1,Dan drzavnosti\
3,7,151,0.0,0.038,1,Dan drzavnosti\
30,7,151,0.0,1.0,1,Dan drzavnosti\
3,7,151,0.0,0.241,1,Dan drzavnosti\
12,1,152,1.0,0.982,0,
4,1,152,1.0,0.337,0,
2,1,152,1.0,0.038,0,
77,1,152,1.0,1.0,0,
3,1,152,1.0,0.241,0,
1,1,152,1.0,0.011,0,
1,2,153,1.0,0.001,0,
14,2,153,1.0,0.982,0,
11,2,153,1.0,0.337,0,
3,2,153,1.0,0.038,0,
80,2,153,1.0,1.0,0,
7,2,153,1.0,0.241,0,
1,2,153,1.0,0.011,0,
18,3,154,1.0,0.982,0,
18,3,154,1.0,0.337,0,
2,3,154,1.0,0.038,0,
9,3,154,1.0,1.0,0,
5,3,154,1.0,0.241,0,
35,4,155,0.0,0.982,0,
15,4,155,0.0,0.337,0,
1,4,155,0.0,0.038,0,
11,4,155,0.0,1.0,0,
4,4,155,0.0,0.241,0,
33,5,156,0.0,0.982,0,
14,5,156,0.0,0.337,0,
1,5,156,0.0,0.038,0,
13,5,156,0.0,1.0,0,
2,5,156,0.0,0.241,0,
1,5,156,0.0,0.011,0,
17,6,157,0.0,0.982,0,
9,6,157,0.0,0.337,0,
45,6,157,0.0,1.0,0,
4,6,157,0.0,0.241,0,
11,7,158,0.0,0.982,0,
2,7,158,0.0,0.337,0,
1,7,158,0.0,0.038,0,
29,7,158,0.0,1.0,0,
7,7,158,0.0,0.241,0,
46,1,159,0.0,0.982,0,
3,1,159,0.0,0.337,0,
28,1,159,0.0,1.0,0,
1,1,159,0.0,0.241,0,
59,2,160,1.0,0.982,0,
6,2,160,1.0,0.337,0,
55,2,160,1.0,1.0,0,
4,2,160,1.0,0.241,0,
1,2,160,1.0,0.002,0,
64,3,161,1.0,0.982,1,Dani Svetog Vida\
13,3,161,1.0,0.337,1,Dani Svetog Vida\
1,3,161,1.0,0.038,1,Dani Svetog Vida\
6,3,161,1.0,1.0,1,Dani Svetog Vida\
6,3,161,1.0,0.241,1,Dani Svetog Vida\
15,4,162,0.0,0.982,3,Dani Svetog Vida\Tijelovo\Hartera Festival\
10,4,162,0.0,0.337,3,Dani Svetog Vida\Tijelovo\Hartera Festival\
7,4,162,0.0,1.0,3,Dani Svetog Vida\Tijelovo\Hartera Festival\
7,4,162,0.0,0.241,3,Dani Svetog Vida\Tijelovo\Hartera Festival\
12,5,163,0.0,0.982,3,Dani Svetog Vida\Tijelovo\Hartera Festival\
8,5,163,0.0,0.337,3,Dani Svetog Vida\Tijelovo\Hartera Festival\
4,5,163,0.0,0.038,3,Dani Svetog Vida\Tijelovo\Hartera Festival\
34,5,163,0.0,1.0,3,Dani Svetog Vida\Tijelovo\Hartera Festival\
4,5,163,0.0,0.241,3,Dani Svetog Vida\Tijelovo\Hartera Festival\
10,6,164,0.0,0.982,1,Dani Svetog Vida\
11,6,164,0.0,0.337,1,Dani Svetog Vida\
4,6,164,0.0,0.038,1,Dani Svetog Vida\
76,6,164,0.0,1.0,1,Dani Svetog Vida\
10,6,164,0.0,0.241,1,Dani Svetog Vida\
1,6,164,0.0,0.011,1,Dani Svetog Vida\
6,7,165,1.0,0.982,1,Dani Svetog Vida\
10,7,165,1.0,0.337,1,Dani Svetog Vida\
1,7,165,1.0,0.038,1,Dani Svetog Vida\
77,7,165,1.0,1.0,1,Dani Svetog Vida\
14,7,165,1.0,0.241,1,Dani Svetog Vida\
5,1,166,1.0,0.982,1,Dani Svetog Vida\
6,1,166,1.0,0.337,1,Dani Svetog Vida\
4,1,166,1.0,1.0,1,Dani Svetog Vida\
6,1,166,1.0,0.241,1,Dani Svetog Vida\
18,2,167,1.0,0.982,1,Dani Svetog Vida\
7,2,167,1.0,0.337,1,Dani Svetog Vida\
2,2,167,1.0,0.038,1,Dani Svetog Vida\
70,2,167,1.0,1.0,1,Dani Svetog Vida\
8,2,167,1.0,0.241,1,Dani Svetog Vida\
36,3,168,0.0,0.982,1,Dani Svetog Vida\
17,3,168,0.0,0.337,1,Dani Svetog Vida\
1,3,168,0.0,0.038,1,Dani Svetog Vida\
6,3,168,0.0,1.0,1,Dani Svetog Vida\
10,3,168,0.0,0.241,1,Dani Svetog Vida\
33,4,169,1.0,0.982,0,
16,4,169,1.0,0.337,0,
1,4,169,1.0,0.038,0,
5,4,169,1.0,1.0,0,
10,4,169,1.0,0.241,0,
31,5,170,1.0,0.982,0,
14,5,170,1.0,0.337,0,
1,5,170,1.0,0.038,0,
6,5,170,1.0,1.0,0,
11,5,170,1.0,0.241,0,
1,5,170,1.0,0.011,0,
14,6,171,0.0,0.982,0,
2,6,171,0.0,0.337,0,
38,6,171,0.0,1.0,0,
23,6,171,0.0,0.241,0,
1,6,171,0.0,0.011,0,
4,7,172,0.0,0.982,0,
6,7,172,0.0,0.337,0,
25,7,172,0.0,1.0,0,
25,7,172,0.0,0.241,0,
1,7,172,0.0,0.011,0,
5,1,173,0.0,0.982,0,
2,1,173,0.0,0.337,0,
1,1,173,0.0,0.038,0,
7,1,173,0.0,1.0,0,
6,1,173,0.0,0.241,0,
10,2,174,0.0,0.982,0,
4,2,174,0.0,0.337,0,
40,2,174,0.0,1.0,0,
9,2,174,0.0,0.241,0,
22,3,175,0.0,0.982,0,
8,3,175,0.0,0.337,0,
1,3,175,0.0,0.038,0,
8,3,175,0.0,1.0,0,
9,3,175,0.0,0.241,0,
11,4,176,0.0,0.982,1,Dan neovisnosti Hrvatske\
6,4,176,0.0,0.337,1,Dan neovisnosti Hrvatske\
2,4,176,0.0,0.038,1,Dan neovisnosti Hrvatske\
29,4,176,0.0,1.0,1,Dan neovisnosti Hrvatske\
7,4,176,0.0,0.241,1,Dan neovisnosti Hrvatske\
11,5,177,0.0,0.982,1,Dan neovisnosti Hrvatske\
2,5,177,0.0,0.337,1,Dan neovisnosti Hrvatske\
2,5,177,0.0,0.038,1,Dan neovisnosti Hrvatske\
14,5,177,0.0,1.0,1,Dan neovisnosti Hrvatske\
9,5,177,0.0,0.241,1,Dan neovisnosti Hrvatske\
6,6,178,0.0,0.982,0,
3,6,178,0.0,0.337,0,
2,6,178,0.0,0.038,0,
75,6,178,0.0,1.0,0,
8,6,178,0.0,0.241,0,
9,7,179,0.0,0.982,0,
5,7,179,0.0,0.337,0,
3,7,179,0.0,0.038,0,
64,7,179,0.0,1.0,0,
8,7,179,0.0,0.241,0,
14,1,180,0.0,0.982,1,Rijeka Open Tennis Tournament\
6,1,180,0.0,0.337,1,Rijeka Open Tennis Tournament\
1,1,180,0.0,0.038,1,Rijeka Open Tennis Tournament\
64,1,180,0.0,1.0,1,Rijeka Open Tennis Tournament\
5,1,180,0.0,0.241,1,Rijeka Open Tennis Tournament\
20,2,181,0.0,0.982,2,Rijecke ljetne noci\Rijeka Open Tennis Tournament\
4,2,181,0.0,0.337,2,Rijecke ljetne noci\Rijeka Open Tennis Tournament\
1,2,181,0.0,0.038,2,Rijecke ljetne noci\Rijeka Open Tennis Tournament\
84,2,181,0.0,1.0,2,Rijecke ljetne noci\Rijeka Open Tennis Tournament\
7,2,181,0.0,0.241,2,Rijecke ljetne noci\Rijeka Open Tennis Tournament\
35,3,182,0.0,0.982,2,Rijecke ljetne noci\Rijeka Open Tennis Tournament\
11,3,182,0.0,0.337,2,Rijecke ljetne noci\Rijeka Open Tennis Tournament\
1,3,182,0.0,0.038,2,Rijecke ljetne noci\Rijeka Open Tennis Tournament\
30,3,182,0.0,1.0,2,Rijecke ljetne noci\Rijeka Open Tennis Tournament\
10,3,182,0.0,0.241,2,Rijecke ljetne noci\Rijeka Open Tennis Tournament\
25,4,183,0.0,0.982,2,Rijecke ljetne noci\Rijeka Open Tennis Tournament\
14,4,183,0.0,0.337,2,Rijecke ljetne noci\Rijeka Open Tennis Tournament\
12,4,183,0.0,1.0,2,Rijecke ljetne noci\Rijeka Open Tennis Tournament\
10,4,183,0.0,0.241,2,Rijecke ljetne noci\Rijeka Open Tennis Tournament\
15,5,184,0.0,0.982,2,Rijecke ljetne noci\Rijeka Open Tennis Tournament\
5,5,184,0.0,0.337,2,Rijecke ljetne noci\Rijeka Open Tennis Tournament\
13,5,184,0.0,1.0,2,Rijecke ljetne noci\Rijeka Open Tennis Tournament\
5,5,184,0.0,0.241,2,Rijecke ljetne noci\Rijeka Open Tennis Tournament\
7,6,185,0.0,0.982,2,Rijecke ljetne noci\Rijeka Open Tennis Tournament\
20,6,185,0.0,0.337,2,Rijecke ljetne noci\Rijeka Open Tennis Tournament\
37,6,185,0.0,1.0,2,Rijecke ljetne noci\Rijeka Open Tennis Tournament\
10,6,185,0.0,0.241,2,Rijecke ljetne noci\Rijeka Open Tennis Tournament\
5,7,186,0.0,0.982,2,Rijecke ljetne noci\Rijeka Open Tennis Tournament\
1,7,186,0.0,0.337,2,Rijecke ljetne noci\Rijeka Open Tennis Tournament\
1,7,186,0.0,0.038,2,Rijecke ljetne noci\Rijeka Open Tennis Tournament\
29,7,186,0.0,1.0,2,Rijecke ljetne noci\Rijeka Open Tennis Tournament\
9,7,186,0.0,0.241,2,Rijecke ljetne noci\Rijeka Open Tennis Tournament\
6,1,187,0.0,0.982,1,Rijecke ljetne noci\
1,1,187,0.0,0.337,1,Rijecke ljetne noci\
40,1,187,0.0,1.0,1,Rijecke ljetne noci\
7,1,187,0.0,0.241,1,Rijecke ljetne noci\
19,2,188,0.0,0.982,1,Rijecke ljetne noci\
2,2,188,0.0,0.337,1,Rijecke ljetne noci\
55,2,188,0.0,1.0,1,Rijecke ljetne noci\
5,2,188,0.0,0.241,1,Rijecke ljetne noci\
27,3,189,0.0,0.982,1,Rijecke ljetne noci\
4,3,189,0.0,0.337,1,Rijecke ljetne noci\
8,3,189,0.0,1.0,1,Rijecke ljetne noci\
11,3,189,0.0,0.241,1,Rijecke ljetne noci\
32,4,190,0.0,0.982,1,Rijecke ljetne noci\
12,4,190,0.0,0.337,1,Rijecke ljetne noci\
13,4,190,0.0,1.0,1,Rijecke ljetne noci\
10,4,190,0.0,0.241,1,Rijecke ljetne noci\
27,5,191,0.0,0.982,1,Rijecke ljetne noci\
6,5,191,0.0,0.337,1,Rijecke ljetne noci\
1,5,191,0.0,0.038,1,Rijecke ljetne noci\
9,5,191,0.0,1.0,1,Rijecke ljetne noci\
7,5,191,0.0,0.241,1,Rijecke ljetne noci\
10,6,192,0.0,0.982,1,Rijecke ljetne noci\
8,6,192,0.0,0.337,1,Rijecke ljetne noci\
1,6,192,0.0,0.038,1,Rijecke ljetne noci\
52,6,192,0.0,1.0,1,Rijecke ljetne noci\
8,6,192,0.0,0.241,1,Rijecke ljetne noci\
7,7,193,1.0,0.982,1,Rijecke ljetne noci\
6,7,193,1.0,0.337,1,Rijecke ljetne noci\
1,7,193,1.0,0.038,1,Rijecke ljetne noci\
42,7,193,1.0,1.0,1,Rijecke ljetne noci\
4,7,193,1.0,0.241,1,Rijecke ljetne noci\
12,1,194,1.0,0.982,1,Rijecke ljetne noci\
5,1,194,1.0,0.337,1,Rijecke ljetne noci\
1,1,194,1.0,0.038,1,Rijecke ljetne noci\
30,1,194,1.0,1.0,1,Rijecke ljetne noci\
10,1,194,1.0,0.241,1,Rijecke ljetne noci\
31,2,195,1.0,0.982,1,Rijecke ljetne noci\
10,2,195,1.0,0.337,1,Rijecke ljetne noci\
46,2,195,1.0,1.0,1,Rijecke ljetne noci\
10,2,195,1.0,0.241,1,Rijecke ljetne noci\
33,3,196,1.0,0.982,1,Rijecke ljetne noci\
10,3,196,1.0,0.337,1,Rijecke ljetne noci\
10,3,196,1.0,1.0,1,Rijecke ljetne noci\
13,3,196,1.0,0.241,1,Rijecke ljetne noci\
41,4,197,1.0,0.982,1,Rijecke ljetne noci\
12,4,197,1.0,0.337,1,Rijecke ljetne noci\
11,4,197,1.0,1.0,1,Rijecke ljetne noci\
7,4,197,1.0,0.241,1,Rijecke ljetne noci\
27,5,198,1.0,0.982,1,Rijecke ljetne noci\
10,5,198,1.0,0.337,1,Rijecke ljetne noci\
10,5,198,1.0,1.0,1,Rijecke ljetne noci\
8,5,198,1.0,0.241,1,Rijecke ljetne noci\
21,6,199,0.0,0.982,1,Rijecke ljetne noci\
6,6,199,0.0,0.337,1,Rijecke ljetne noci\
1,6,199,0.0,0.038,1,Rijecke ljetne noci\
16,6,199,0.0,1.0,1,Rijecke ljetne noci\
10,6,199,0.0,0.241,1,Rijecke ljetne noci\
8,7,200,0.0,0.982,1,Rijecke ljetne noci\
5,7,200,0.0,0.337,1,Rijecke ljetne noci\
29,7,200,0.0,1.0,1,Rijecke ljetne noci\
7,7,200,0.0,0.241,1,Rijecke ljetne noci\
1,1,201,1.0,0.001,1,Rijecke ljetne noci\
17,1,201,1.0,0.982,1,Rijecke ljetne noci\
5,1,201,1.0,0.337,1,Rijecke ljetne noci\
1,1,201,1.0,0.038,1,Rijecke ljetne noci\
18,1,201,1.0,1.0,1,Rijecke ljetne noci\
10,1,201,1.0,0.241,1,Rijecke ljetne noci\
1,2,202,1.0,0.001,1,Rijecke ljetne noci\
16,2,202,1.0,0.982,1,Rijecke ljetne noci\
7,2,202,1.0,0.337,1,Rijecke ljetne noci\
2,2,202,1.0,0.038,1,Rijecke ljetne noci\
60,2,202,1.0,1.0,1,Rijecke ljetne noci\
13,2,202,1.0,0.241,1,Rijecke ljetne noci\
21,3,203,1.0,0.982,1,Rijecke ljetne noci\
10,3,203,1.0,0.337,1,Rijecke ljetne noci\
19,3,203,1.0,1.0,1,Rijecke ljetne noci\
8,3,203,1.0,0.241,1,Rijecke ljetne noci\
28,4,204,1.0,0.982,2,Rijecke ljetne noci\Europa League\
12,4,204,1.0,0.337,2,Rijecke ljetne noci\Europa League\
1,4,204,1.0,0.038,2,Rijecke ljetne noci\Europa League\
9,4,204,1.0,1.0,2,Rijecke ljetne noci\Europa League\
11,4,204,1.0,0.241,2,Rijecke ljetne noci\Europa League\
40,5,205,1.0,0.982,0,
12,5,205,1.0,0.337,0,
1,5,205,1.0,0.038,0,
16,5,205,1.0,1.0,0,
8,5,205,1.0,0.241,0,
11,6,206,0.0,0.982,0,
9,6,206,0.0,0.337,0,
3,6,206,0.0,0.038,0,
14,6,206,0.0,1.0,0,
13,6,206,0.0,0.241,0,
7,7,207,1.0,0.982,0,
8,7,207,1.0,0.337,0,
3,7,207,1.0,0.038,0,
10,7,207,1.0,1.0,0,
11,7,207,1.0,0.241,0,
3,1,208,1.0,0.982,0,
8,1,208,1.0,0.337,0,
2,1,208,1.0,0.038,0,
38,1,208,1.0,1.0,0,
10,1,208,1.0,0.241,0,
15,2,209,1.0,0.982,0,
9,2,209,1.0,0.337,0,
1,2,209,1.0,0.038,0,
35,2,209,1.0,1.0,0,
10,2,209,1.0,0.241,0,
20,3,210,1.0,0.982,0,
15,3,210,1.0,0.337,0,
1,3,210,1.0,0.038,0,
46,3,210,1.0,1.0,0,
7,3,210,1.0,0.241,0,
1,3,210,1.0,0.011,0,
19,4,211,1.0,0.982,1,Europa League\
17,4,211,1.0,0.337,1,Europa League\
1,4,211,1.0,0.038,1,Europa League\
26,4,211,1.0,1.0,1,Europa League\
6,4,211,1.0,0.241,1,Europa League\
19,5,212,1.0,0.982,0,
18,5,212,1.0,0.337,0,
3,5,212,1.0,0.038,0,
46,5,212,1.0,1.0,0,
6,5,212,1.0,0.241,0,
2,5,212,1.0,0.011,0,
9,6,213,1.0,0.982,0,
10,6,213,1.0,0.337,0,
1,6,213,1.0,0.038,0,
4,6,213,1.0,1.0,0,
16,6,213,1.0,0.241,0,
1,6,213,1.0,0.011,0,
6,7,214,1.0,0.982,0,
10,7,214,1.0,0.337,0,
3,7,214,1.0,0.038,0,
5,7,214,1.0,1.0,0,
14,7,214,1.0,0.241,0,
1,7,214,1.0,0.011,0,
6,1,215,0.0,0.982,0,
13,1,215,0.0,0.337,0,
30,1,215,0.0,1.0,0,
9,1,215,0.0,0.241,0,
1,2,216,0.0,0.001,0,
14,2,216,0.0,0.982,0,
12,2,216,0.0,0.337,0,
1,2,216,0.0,0.038,0,
43,2,216,0.0,1.0,0,
8,2,216,0.0,0.241,0,
9,3,217,0.0,0.982,1,Dan pobjede i domovinske zahvalnosti\
9,3,217,0.0,0.337,1,Dan pobjede i domovinske zahvalnosti\
3,3,217,0.0,0.038,1,Dan pobjede i domovinske zahvalnosti\
26,3,217,0.0,1.0,1,Dan pobjede i domovinske zahvalnosti\
11,3,217,0.0,0.241,1,Dan pobjede i domovinske zahvalnosti\
8,4,218,1.0,0.982,1,Dan pobjede i domovinske zahvalnosti\
8,4,218,1.0,0.337,1,Dan pobjede i domovinske zahvalnosti\
1,4,218,1.0,0.038,1,Dan pobjede i domovinske zahvalnosti\
13,4,218,1.0,1.0,1,Dan pobjede i domovinske zahvalnosti\
9,4,218,1.0,0.241,1,Dan pobjede i domovinske zahvalnosti\
10,5,219,1.0,0.982,0,
8,5,219,1.0,0.337,0,
1,5,219,1.0,0.038,0,
27,5,219,1.0,1.0,0,
9,5,219,1.0,0.241,0,
7,6,220,1.0,0.982,0,
8,6,220,1.0,0.337,0,
4,6,220,1.0,0.038,0,
65,6,220,1.0,1.0,0,
10,6,220,1.0,0.241,0,
11,7,221,1.0,0.982,0,
7,7,221,1.0,0.337,0,
1,7,221,1.0,0.038,0,
59,7,221,1.0,1.0,0,
11,7,221,1.0,0.241,0,
7,1,222,1.0,0.982,0,
7,1,222,1.0,0.337,0,
1,1,222,1.0,0.038,0,
60,1,222,1.0,1.0,0,
13,1,222,1.0,0.241,0,
4,2,223,0.0,0.982,0,
8,2,223,0.0,0.337,0,
100,2,223,0.0,1.0,0,
4,2,223,0.0,0.241,0,
1,2,223,0.0,0.011,0,
9,3,224,1.0,0.982,0,
10,3,224,1.0,0.337,0,
2,3,224,1.0,0.038,0,
11,3,224,1.0,1.0,0,
16,3,224,1.0,0.241,0,
7,4,225,0.0,0.982,0,
16,4,225,0.0,0.337,0,
4,4,225,0.0,0.038,0,
15,4,225,0.0,1.0,0,
12,4,225,0.0,0.241,0,
11,5,226,0.0,0.982,0,
15,5,226,0.0,0.337,0,
3,5,226,0.0,0.038,0,
27,5,226,0.0,1.0,0,
10,5,226,0.0,0.241,0,
7,6,227,1.0,0.982,1,Velika Gospa\
5,6,227,1.0,0.337,1,Velika Gospa\
2,6,227,1.0,0.038,1,Velika Gospa\
90,6,227,1.0,1.0,1,Velika Gospa\
9,6,227,1.0,0.241,1,Velika Gospa\
6,7,228,1.0,0.982,1,Velika Gospa\
5,7,228,1.0,0.337,1,Velika Gospa\
2,7,228,1.0,0.038,1,Velika Gospa\
78,7,228,1.0,1.0,1,Velika Gospa\
11,7,228,1.0,0.241,1,Velika Gospa\
3,1,229,1.0,0.982,0,
5,1,229,1.0,0.337,0,
1,1,229,1.0,0.038,0,
78,1,229,1.0,1.0,0,
6,1,229,1.0,0.241,0,
1,1,229,1.0,0.011,0,
2,2,230,1.0,0.982,0,
13,2,230,1.0,0.337,0,
3,2,230,1.0,0.038,0,
81,2,230,1.0,1.0,0,
7,2,230,1.0,0.241,0,
5,3,231,1.0,0.982,0,
17,3,231,1.0,0.337,0,
2,3,231,1.0,0.038,0,
76,3,231,1.0,1.0,0,
7,3,231,1.0,0.241,0,
4,4,232,1.0,0.982,0,
15,4,232,1.0,0.337,0,
2,4,232,1.0,0.038,0,
78,4,232,1.0,1.0,0,
14,4,232,1.0,0.241,0,
1,5,233,1.0,0.982,0,
15,5,233,1.0,0.337,0,
1,5,233,1.0,0.038,0,
87,5,233,1.0,1.0,0,
9,5,233,1.0,0.241,0,
1,5,233,1.0,0.011,0,
1,5,233,1.0,0.002,0,
7,6,234,1.0,0.337,0,
3,6,234,1.0,0.038,0,
62,6,234,1.0,1.0,0,
6,6,234,1.0,0.241,0,
5,6,234,1.0,0.011,0,
7,7,235,0.0,0.337,0,
51,7,235,0.0,1.0,0,
18,7,235,0.0,0.241,0,
1,7,235,0.0,0.011,0,
12,1,236,1.0,0.982,0,
3,1,236,1.0,0.337,0,
81,1,236,1.0,1.0,0,
5,1,236,1.0,0.241,0,
10,2,237,1.0,0.982,0,
11,2,237,1.0,0.337,0,
36,2,237,1.0,1.0,0,
9,2,237,1.0,0.241,0,
1,2,237,1.0,0.011,0,
10,3,238,1.0,0.982,0,
18,3,238,1.0,0.337,0,
1,3,238,1.0,0.038,0,
23,3,238,1.0,1.0,0,
4,3,238,1.0,0.241,0,
1,3,238,1.0,0.011,0,
14,4,239,0.0,0.982,0,
9,4,239,0.0,0.337,0,
2,4,239,0.0,0.038,0,
24,4,239,0.0,1.0,0,
1,4,239,0.0,0.241,0,
1,4,239,0.0,0.011,0,
11,5,240,1.0,0.982,0,
8,5,240,1.0,0.337,0,
3,5,240,1.0,0.038,0,
61,5,240,1.0,1.0,0,
8,5,240,1.0,0.241,0,
1,5,240,1.0,0.011,0,
7,6,241,0.0,0.982,0,
9,6,241,0.0,0.337,0,
2,6,241,0.0,0.038,0,
20,6,241,0.0,1.0,0,
13,6,241,0.0,0.241,0,
4,7,242,0.0,0.982,0,
8,7,242,0.0,0.337,0,
2,7,242,0.0,0.038,0,
14,7,242,0.0,1.0,0,
5,7,242,0.0,0.241,0,
8,1,243,1.0,0.982,0,
6,1,243,1.0,0.337,0,
33,1,243,1.0,1.0,0,
2,1,243,1.0,0.241,0,
27,2,244,1.0,0.982,0,
12,2,244,1.0,0.337,0,
76,2,244,1.0,1.0,0,
2,2,244,1.0,0.241,0,
21,3,245,1.0,0.982,0,
13,3,245,1.0,0.337,0,
1,3,245,1.0,0.038,0,
48,3,245,1.0,1.0,0,
4,3,245,1.0,0.241,0,
24,4,246,0.0,0.982,0,
20,4,246,0.0,0.337,0,
1,4,246,0.0,0.038,0,
10,4,246,0.0,1.0,0,
6,4,246,0.0,0.241,0,
10,5,247,0.0,0.982,0,
16,5,247,0.0,0.337,0,
12,5,247,0.0,1.0,0,
8,5,247,0.0,0.241,0,
6,6,248,0.0,0.982,0,
10,6,248,0.0,0.337,0,
2,6,248,0.0,0.038,0,
66,6,248,0.0,1.0,0,
8,6,248,0.0,0.241,0,
1,7,249,1.0,0.982,0,
6,7,249,1.0,0.337,0,
2,7,249,1.0,0.038,0,
23,7,249,1.0,1.0,0,
10,7,249,1.0,0.241,0,
2,7,249,1.0,0.011,0,
5,1,250,1.0,0.982,0,
2,1,250,1.0,0.337,0,
4,1,250,1.0,0.038,0,
56,1,250,1.0,1.0,0,
3,1,250,1.0,0.241,0,
9,2,251,1.0,0.982,0,
2,2,251,1.0,0.337,0,
3,2,251,1.0,0.038,0,
71,2,251,1.0,1.0,0,
5,2,251,1.0,0.241,0,
1,2,251,1.0,0.011,0,
9,3,252,1.0,0.982,0,
6,3,252,1.0,0.337,0,
3,3,252,1.0,0.038,0,
93,3,252,1.0,1.0,0,
4,3,252,1.0,0.241,0,
12,4,253,1.0,0.982,0,
3,4,253,1.0,0.337,0,
3,4,253,1.0,0.038,0,
84,4,253,1.0,1.0,0,
4,4,253,1.0,0.241,0,
10,5,254,0.0,0.982,0,
3,5,254,0.0,0.337,0,
3,5,254,0.0,0.038,0,
100,5,254,0.0,1.0,0,
3,5,254,0.0,0.241,0,
13,6,255,0.0,0.982,0,
2,6,255,0.0,0.337,0,
1,6,255,0.0,0.038,0,
56,6,255,0.0,1.0,0,
4,6,255,0.0,0.241,0,
1,6,255,0.0,0.002,0,
10,7,256,1.0,0.982,0,
3,7,256,1.0,0.337,0,
1,7,256,1.0,0.038,0,
40,7,256,1.0,1.0,0,
5,7,256,1.0,0.241,0,
11,1,257,0.0,0.982,0,
4,1,257,0.0,0.337,0,
26,1,257,0.0,1.0,0,
1,1,257,0.0,0.241,0,
36,2,258,0.0,0.982,0,
4,2,258,0.0,0.337,0,
59,2,258,0.0,1.0,0,
1,2,258,0.0,0.241,0,
38,3,259,0.0,0.982,0,
7,3,259,0.0,0.337,0,
25,3,259,0.0,1.0,0,
2,3,259,0.0,0.241,0,
40,4,260,0.0,0.982,0,
7,4,260,0.0,0.337,0,
1,4,260,0.0,0.038,0,
33,4,260,0.0,1.0,0,
4,4,260,0.0,0.241,0,
1,5,261,0.0,0.001,0,
35,5,261,0.0,0.982,0,
15,5,261,0.0,0.337,0,
36,5,261,0.0,1.0,0,
3,5,261,0.0,0.241,0,
1,5,261,0.0,0.011,0,
4,6,262,1.0,0.982,0,
4,6,262,1.0,0.337,0,
43,6,262,1.0,1.0,0,
5,6,262,1.0,0.241,0,
1,6,262,1.0,0.011,0,
10,7,263,0.0,0.982,1,Festivak kRik\
7,7,263,0.0,0.337,1,Festivak kRik\
12,7,263,0.0,1.0,1,Festivak kRik\
4,7,263,0.0,0.241,1,Festivak kRik\
1,7,263,0.0,0.011,1,Festivak kRik\
7,1,264,1.0,0.982,1,Festivak kRik\
2,1,264,1.0,0.337,1,Festivak kRik\
26,1,264,1.0,1.0,1,Festivak kRik\
3,1,264,1.0,0.241,1,Festivak kRik\
17,2,265,1.0,0.982,1,Festivak kRik\
5,2,265,1.0,0.337,1,Festivak kRik\
49,2,265,1.0,1.0,1,Festivak kRik\
4,2,265,1.0,0.241,1,Festivak kRik\
34,3,266,1.0,0.982,1,Festivak kRik\
13,3,266,1.0,0.337,1,Festivak kRik\
8,3,266,1.0,1.0,1,Festivak kRik\
3,3,266,1.0,0.241,1,Festivak kRik\
44,4,267,1.0,0.982,1,Festivak kRik\
10,4,267,1.0,0.337,1,Festivak kRik\
15,4,267,1.0,1.0,1,Festivak kRik\
7,4,267,1.0,0.241,1,Festivak kRik\
27,5,268,0.0,0.982,1,Festivak kRik\
7,5,268,0.0,0.337,1,Festivak kRik\
1,5,268,0.0,0.038,1,Festivak kRik\
14,5,268,0.0,1.0,1,Festivak kRik\
4,5,268,0.0,0.241,1,Festivak kRik\
21,6,269,1.0,0.982,1,Festivak kRik\
2,6,269,1.0,0.337,1,Festivak kRik\
50,6,269,1.0,1.0,1,Festivak kRik\
5,6,269,1.0,0.241,1,Festivak kRik\
17,7,270,1.0,0.982,1,Festivak kRik\
3,7,270,1.0,0.337,1,Festivak kRik\
1,7,270,1.0,0.038,1,Festivak kRik\
29,7,270,1.0,1.0,1,Festivak kRik\
8,7,270,1.0,0.241,1,Festivak kRik\
3,7,270,1.0,0.011,1,Festivak kRik\
13,1,271,1.0,0.982,1,Festivak kRik\
3,1,271,1.0,0.038,1,Festivak kRik\
43,1,271,1.0,1.0,1,Festivak kRik\
5,1,271,1.0,0.241,1,Festivak kRik\
38,2,272,1.0,0.982,1,Festivak kRik\
5,2,272,1.0,0.337,1,Festivak kRik\
44,2,272,1.0,1.0,1,Festivak kRik\
2,2,272,1.0,0.241,1,Festivak kRik\
38,3,273,1.0,0.982,0,
3,3,273,1.0,0.337,0,
9,3,273,1.0,1.0,0,
3,3,273,1.0,0.241,0,
31,4,274,1.0,0.982,0,
5,4,274,1.0,0.337,0,
1,4,274,1.0,0.038,0,
14,4,274,1.0,1.0,0,
4,4,274,1.0,0.241,0,
23,5,275,0.0,0.982,0,
25,5,275,0.0,0.337,0,
10,5,275,0.0,1.0,0,
3,5,275,0.0,0.241,0,
1,5,275,0.0,0.011,0,
23,6,276,0.0,0.982,0,
23,6,276,0.0,0.337,0,
51,6,276,0.0,1.0,0,
6,6,276,0.0,0.241,0,
28,7,277,1.0,0.982,0,
6,7,277,1.0,0.337,0,
3,7,277,1.0,0.038,0,
48,7,277,1.0,1.0,0,
13,7,277,1.0,0.241,0,
10,1,278,1.0,0.982,0,
6,1,278,1.0,0.337,0,
1,1,278,1.0,0.038,0,
55,1,278,1.0,1.0,0,
3,1,278,1.0,0.241,0,
24,2,279,1.0,0.982,0,
7,2,279,1.0,0.337,0,
1,2,279,1.0,0.038,0,
36,2,279,1.0,1.0,0,
3,2,279,1.0,0.241,0,
23,3,280,1.0,0.982,0,
19,3,280,1.0,0.337,0,
9,3,280,1.0,1.0,0,
9,3,280,1.0,0.241,0,
21,4,281,1.0,0.982,1,International Friendly Football Match\
4,4,281,1.0,0.337,1,International Friendly Football Match\
27,4,281,1.0,1.0,1,International Friendly Football Match\
2,4,281,1.0,0.241,1,International Friendly Football Match\
47,5,282,0.0,0.982,0,
3,5,282,0.0,0.337,0,
52,5,282,0.0,1.0,0,
5,5,282,0.0,0.241,0,
1,5,282,0.0,0.011,0,
9,6,283,0.0,0.982,0,
27,6,283,0.0,0.337,0,
1,6,283,0.0,0.038,0,
56,6,283,0.0,1.0,0,
15,6,283,0.0,0.241,0,
12,7,284,0.0,0.982,0,
27,7,284,0.0,0.337,0,
2,7,284,0.0,0.038,0,
24,7,284,0.0,1.0,0,
15,7,284,0.0,0.241,0,
12,1,285,0.0,0.982,0,
5,1,285,0.0,0.337,0,
1,1,285,0.0,0.038,0,
31,1,285,0.0,1.0,0,
2,1,285,0.0,0.241,0,
1,1,285,0.0,0.002,0,
34,2,286,0.0,0.982,0,
5,2,286,0.0,0.337,0,
37,2,286,0.0,1.0,0,
3,2,286,0.0,0.241,0,
37,3,287,1.0,0.982,0,
12,3,287,1.0,0.337,0,
22,3,287,1.0,1.0,0,
7,3,287,1.0,0.241,0,
1,3,287,1.0,0.011,0,
31,4,288,1.0,0.982,0,
13,4,288,1.0,0.337,0,
2,4,288,1.0,0.038,0,
18,4,288,1.0,1.0,0,
7,4,288,1.0,0.241,0,
51,5,289,1.0,0.982,0,
5,5,289,1.0,0.337,0,
2,5,289,1.0,0.038,0,
22,5,289,1.0,1.0,0,
3,5,289,1.0,0.241,0,
14,6,290,1.0,0.982,0,
6,6,290,1.0,0.337,0,
33,6,290,1.0,1.0,0,
4,6,290,1.0,0.241,0,
17,7,291,0.0,0.982,0,
3,7,291,0.0,0.337,0,
71,7,291,0.0,1.0,0,
1,7,291,0.0,0.011,0,
12,1,292,1.0,0.982,0,
4,1,292,1.0,0.337,0,
33,1,292,1.0,1.0,0,
1,2,293,1.0,0.001,0,
28,2,293,1.0,0.982,0,
10,2,293,1.0,0.337,0,
14,2,293,1.0,1.0,0,
1,2,293,1.0,0.241,0,
41,3,294,0.0,0.982,0,
11,3,294,0.0,0.337,0,
6,3,294,0.0,1.0,0,
2,3,294,0.0,0.241,0,
36,4,295,0.0,0.982,0,
4,4,295,0.0,0.337,0,
19,4,295,0.0,1.0,0,
3,4,295,0.0,0.241,0,
27,5,296,0.0,0.982,0,
5,5,296,0.0,0.337,0,
17,5,296,0.0,1.0,0,
3,5,296,0.0,0.241,0,
9,6,297,0.0,0.982,0,
3,6,297,0.0,0.337,0,
2,6,297,0.0,0.038,0,
8,6,297,0.0,1.0,0,
4,6,297,0.0,0.241,0,
8,7,298,1.0,0.982,0,
3,7,298,1.0,0.337,0,
1,7,298,1.0,0.038,0,
5,7,298,1.0,1.0,0,
3,7,298,1.0,0.241,0,
14,1,299,1.0,0.982,0,
2,1,299,1.0,0.337,0,
1,1,299,1.0,0.038,0,
7,1,299,1.0,1.0,0,
3,1,299,1.0,0.241,0,
25,2,300,1.0,0.982,0,
6,2,300,1.0,0.337,0,
2,2,300,1.0,0.038,0,
28,2,300,1.0,1.0,0,
7,2,300,1.0,0.241,0,
39,3,301,1.0,0.982,0,
7,3,301,1.0,0.337,0,
2,3,301,1.0,1.0,0,
3,3,301,1.0,0.241,0,
46,4,302,1.0,0.982,0,
8,4,302,1.0,0.337,0,
5,4,302,1.0,1.0,0,
1,4,302,1.0,0.241,0,
56,5,303,1.0,0.982,0,
4,5,303,1.0,0.337,0,
1,5,303,1.0,0.038,0,
4,5,303,1.0,1.0,0,
3,5,303,1.0,0.241,0,
38,6,304,1.0,0.982,0,
1,6,304,1.0,0.337,0,
4,6,304,1.0,1.0,0,
9,6,304,1.0,0.241,0,
17,7,305,1.0,0.982,1,Svi Sveti\
1,7,305,1.0,0.337,1,Svi Sveti\
2,7,305,1.0,1.0,1,Svi Sveti\
4,7,305,1.0,0.241,1,Svi Sveti\
18,1,306,0.0,0.982,1,Svi Sveti\
1,1,306,0.0,0.337,1,Svi Sveti\
1,1,306,0.0,0.038,1,Svi Sveti\
2,1,306,0.0,1.0,1,Svi Sveti\
1,1,306,0.0,0.241,1,Svi Sveti\
43,2,307,0.0,0.982,0,
6,2,307,0.0,0.337,0,
1,2,307,0.0,0.038,0,
6,2,307,0.0,1.0,0,
4,2,307,0.0,0.241,0,
37,3,308,0.5,0.982,0,
11,3,308,0.5,0.337,0,
2,3,308,0.5,0.038,0,
5,3,308,0.5,1.0,0,
4,3,308,0.5,0.241,0,
47,4,309,0.0,0.982,0,
13,4,309,0.0,0.337,0,
1,4,309,0.0,0.038,0,
5,4,309,0.0,1.0,0,
7,4,309,0.0,0.241,0,
40,5,310,0.0,0.982,0,
11,5,310,0.0,0.337,0,
10,5,310,0.0,1.0,0,
20,5,310,0.0,0.241,0,
1,5,310,0.0,0.011,0,
13,6,311,0.0,0.982,0,
5,6,311,0.0,0.337,0,
1,6,311,0.0,0.038,0,
6,6,311,0.0,1.0,0,
19,6,311,0.0,0.241,0,
1,6,311,0.0,0.011,0,
13,7,312,0.0,0.982,0,
6,7,312,0.0,0.337,0,
1,7,312,0.0,0.038,0,
19,7,312,0.0,1.0,0,
13,7,312,0.0,0.241,0,
1,7,312,0.0,0.011,0,
10,1,313,0.0,0.982,0,
5,1,313,0.0,0.337,0,
2,1,313,0.0,1.0,0,
4,1,313,0.0,0.241,0,
35,2,314,0.0,0.982,0,
9,2,314,0.0,0.337,0,
7,2,314,0.0,1.0,0,
2,2,314,0.0,0.241,0,
52,3,315,0.0,0.982,0,
13,3,315,0.0,0.337,0,
1,3,315,0.0,0.038,0,
7,3,315,0.0,1.0,0,
4,3,315,0.0,0.241,0,
61,4,316,1.0,0.982,0,
21,4,316,1.0,0.337,0,
1,4,316,1.0,0.038,0,
7,4,316,1.0,1.0,0,
4,4,316,1.0,0.241,0,
26,5,317,1.0,0.982,1,The Brussels 1 Regulation: Challenges For Croatian Judiciary\
18,5,317,1.0,0.337,1,The Brussels 1 Regulation: Challenges For Croatian Judiciary\
7,5,317,1.0,1.0,1,The Brussels 1 Regulation: Challenges For Croatian Judiciary\
3,5,317,1.0,0.241,1,The Brussels 1 Regulation: Challenges For Croatian Judiciary\
16,6,318,1.0,0.982,1,The Brussels 1 Regulation: Challenges For Croatian Judiciary\
6,6,318,1.0,0.337,1,The Brussels 1 Regulation: Challenges For Croatian Judiciary\
7,6,318,1.0,1.0,1,The Brussels 1 Regulation: Challenges For Croatian Judiciary\
15,7,319,1.0,0.982,0,
6,7,319,1.0,0.337,0,
7,7,319,1.0,1.0,0,
2,7,319,1.0,0.241,0,
32,1,320,0.0,0.982,0,
11,1,320,0.0,0.337,0,
5,1,320,0.0,0.038,0,
8,1,320,0.0,1.0,0,
1,1,320,0.0,0.241,0,
55,2,321,0.0,0.982,0,
9,2,321,0.0,0.337,0,
5,2,321,0.0,0.038,0,
5,2,321,0.0,1.0,0,
15,2,321,0.0,0.241,0,
67,3,322,0.0,0.982,0,
15,3,322,0.0,0.337,0,
11,3,322,0.0,1.0,0,
5,3,322,0.0,0.241,0,
66,4,323,1.0,0.982,0,
13,4,323,1.0,0.337,0,
1,4,323,1.0,0.038,0,
13,4,323,1.0,1.0,0,
1,4,323,1.0,0.241,0,
59,5,324,1.0,0.982,0,
12,5,324,1.0,0.337,0,
21,5,324,1.0,1.0,0,
1,5,324,1.0,0.241,0,
18,6,325,1.0,0.982,0,
10,6,325,1.0,0.337,0,
8,6,325,1.0,1.0,0,
3,6,325,1.0,0.241,0,
1,6,325,1.0,0.011,0,
16,7,326,1.0,0.982,0,
2,7,326,1.0,0.337,0,
1,7,326,1.0,0.038,0,
9,7,326,1.0,1.0,0,
2,7,326,1.0,0.241,0,
12,1,327,0.0,0.982,0,
4,1,327,0.0,0.337,0,
9,1,327,0.0,1.0,0,
4,1,327,0.0,0.241,0,
30,2,328,1.0,0.982,0,
8,2,328,1.0,0.337,0,
13,2,328,1.0,1.0,0,
7,2,328,1.0,0.241,0,
1,2,328,1.0,0.011,0,
1,3,329,1.0,0.001,0,
41,3,329,1.0,0.982,0,
9,3,329,1.0,0.337,0,
14,3,329,1.0,1.0,0,
4,3,329,1.0,0.241,0,
47,4,330,0.0,0.982,0,
5,4,330,0.0,0.337,0,
14,4,330,0.0,1.0,0,
3,4,330,0.0,0.241,0,
32,5,331,0.0,0.982,0,
8,5,331,0.0,0.337,0,
13,5,331,0.0,1.0,0,
3,5,331,0.0,0.241,0,
16,6,332,0.0,0.982,0,
5,6,332,0.0,0.337,0,
9,6,332,0.0,1.0,0,
9,6,332,0.0,0.241,0,
16,7,333,0.0,0.982,0,
4,7,333,0.0,0.337,0,
10,7,333,0.0,1.0,0,
10,7,333,0.0,0.241,0,
12,1,334,0.0,0.982,0,
2,1,334,0.0,0.038,0,
7,1,334,0.0,1.0,0,
3,1,334,0.0,0.241,0,
24,2,335,0.0,0.982,0,
3,2,335,0.0,0.337,0,
3,2,335,0.0,0.038,0,
8,2,335,0.0,1.0,0,
4,2,335,0.0,0.241,0,
29,3,336,0.0,0.982,0,
2,3,336,0.0,0.337,0,
3,3,336,0.0,0.038,0,
6,3,336,0.0,1.0,0,
3,3,336,0.0,0.241,0,
31,4,337,1.0,0.982,0,
2,4,337,1.0,0.337,0,
1,4,337,1.0,0.038,0,
10,4,337,1.0,1.0,0,
3,4,337,1.0,0.241,0,
21,5,338,0.0,0.982,0,
8,5,338,0.0,0.337,0,
1,5,338,0.0,0.038,0,
12,5,338,0.0,1.0,0,
6,5,338,0.0,0.241,0,
11,6,339,0.0,0.982,0,
3,6,339,0.0,0.337,0,
13,6,339,0.0,1.0,0,
10,6,339,0.0,0.241,0,
10,7,340,1.0,0.982,0,
2,7,340,1.0,0.337,0,
9,7,340,1.0,1.0,0,
2,7,340,1.0,0.241,0,
1,7,340,1.0,0.011,0,
9,1,341,0.0,0.982,0,
8,1,341,0.0,0.337,0,
8,1,341,0.0,1.0,0,
5,1,341,0.0,0.241,0,
1,1,341,0.0,0.011,0,
15,2,342,0.0,0.982,0,
9,2,342,0.0,0.337,0,
8,2,342,0.0,1.0,0,
6,2,342,0.0,0.241,0,
1,2,342,0.0,0.011,0,
20,3,343,0.0,0.982,0,
15,3,343,0.0,0.337,0,
6,3,343,0.0,1.0,0,
2,3,343,0.0,0.241,0,
33,4,344,1.0,0.982,0,
14,4,344,1.0,0.337,0,
3,4,344,1.0,1.0,0,
5,4,344,1.0,0.241,0,
24,5,345,0.0,0.982,1,Ri Rock Festival\
10,5,345,0.0,0.337,1,Ri Rock Festival\
3,5,345,0.0,1.0,1,Ri Rock Festival\
2,5,345,0.0,0.241,1,Ri Rock Festival\
9,6,346,0.0,0.982,1,Ri Rock Festival\
1,6,346,0.0,0.337,1,Ri Rock Festival\
3,6,346,0.0,1.0,1,Ri Rock Festival\
7,6,346,0.0,0.241,1,Ri Rock Festival\
8,7,347,0.5,0.982,1,Ri Rock Festival\
1,7,347,0.5,0.038,1,Ri Rock Festival\
2,7,347,0.5,1.0,1,Ri Rock Festival\
3,7,347,0.5,0.241,1,Ri Rock Festival\
6,1,348,0.5,0.982,1,Ri Rock Festival\
2,1,348,0.5,0.337,1,Ri Rock Festival\
6,1,348,0.5,1.0,1,Ri Rock Festival\
2,1,348,0.5,0.241,1,Ri Rock Festival\
23,2,349,0.5,0.982,1,Ri Rock Festival\
6,2,349,0.5,0.337,1,Ri Rock Festival\
5,2,349,0.5,1.0,1,Ri Rock Festival\
1,2,349,0.5,0.241,1,Ri Rock Festival\
45,3,350,1.0,0.982,1,Ri Rock Festival\
15,3,350,1.0,0.337,1,Ri Rock Festival\
4,3,350,1.0,1.0,1,Ri Rock Festival\
3,3,350,1.0,0.241,1,Ri Rock Festival\
58,4,351,1.0,0.982,1,Ri Rock Festival\
9,4,351,1.0,0.337,1,Ri Rock Festival\
5,4,351,1.0,1.0,1,Ri Rock Festival\
3,4,351,1.0,0.241,1,Ri Rock Festival\
29,5,352,0.5,0.982,1,Ri Rock Festival\
8,5,352,0.5,0.337,1,Ri Rock Festival\
4,5,352,0.5,1.0,1,Ri Rock Festival\
6,5,352,0.5,0.241,1,Ri Rock Festival\
19,6,353,0.5,0.982,1,Ri Rock Festival\
6,6,353,0.5,0.337,1,Ri Rock Festival\
6,6,353,0.5,1.0,1,Ri Rock Festival\
8,6,353,0.5,0.241,1,Ri Rock Festival\
13,7,354,0.5,0.982,0,
7,7,354,0.5,0.337,0,
4,7,354,0.5,1.0,0,
5,7,354,0.5,0.241,0,
1,7,354,0.5,0.011,0,
8,1,355,0.5,0.982,0,
2,1,355,0.5,0.337,0,
3,1,355,0.5,1.0,0,
4,1,355,0.5,0.241,0,
15,2,356,0.0,0.982,0,
1,2,356,0.0,0.337,0,
3,2,356,0.0,1.0,0,
5,2,356,0.0,0.241,0,
7,3,357,0.0,0.982,0,
2,3,357,0.0,0.337,0,
8,3,357,0.0,1.0,0,
3,3,357,0.0,0.241,0,
3,4,358,0.0,0.982,0,
3,4,358,0.0,1.0,0,
1,4,358,0.0,0.241,0,
1,5,359,0.0,1.0,1,Bozic\
2,5,359,0.0,0.241,1,Bozic\
3,6,360,0.0,1.0,1,Bozic\
1,6,360,0.0,0.011,1,Bozic\
1,7,361,0.5,1.0,0,
3,7,361,0.5,0.241,0,
1,7,361,0.5,0.011,0,
1,1,362,0.5,0.982,0,
2,1,362,0.5,1.0,0,
1,1,362,0.5,0.241,0,
5,2,363,0.0,0.982,0,
1,2,363,0.0,0.337,0,
3,2,363,0.0,1.0,0,
9,2,363,0.0,0.241,0,
18,3,364,0.0,0.982,0,
1,3,364,0.0,0.337,0,
1,3,364,0.0,0.038,0,
6,3,364,0.0,1.0,0,
5,3,364,0.0,0.241,0,
2,4,365,0.0,0.982,0,
1,4,365,0.0,0.337,0,
57,4,365,0.0,1.0,0,
3,4,365,0.0,0.241,0,
